School_ID,Pk_2_Literacy,Pk_2_Math,Gr3_5_Grade_Level_Math,Gr3_5_Grade_Level_Read,Gr3_5_Keep_Pace_Read,Gr3_5_Keep_Pace_Math,Gr6_8_Grade_Level_Math,Gr6_8_Grade_Level_Read,Gr6_8_Keep_Pace_Math,Gr6_8_Keep_Pace_Read,Gr_8_Explore_Math,Gr_8_Explore_Read,Students_Taking_Algebra,Students_Passing_Algebra,_9th_Grade_EXPLORE_2009,_9th_Grade_EXPLORE_2010,_10th_Grade_PLAN_2009,_10th_Grade_PLAN_2010,Net_Change_EXPLORE_and_PLAN,_11th_Grade_Average_ACT_2011,Net_Change_PLAN_and_ACT
400018,NDA,NDA,NDA,NDA,NDA,NDA,NDA,NDA,NDA,NDA,NDA,NDA,NDA,NDA,12,12,14.3,12.9,0.9,14.4,0.1
609674,NDA,NDA,NDA,NDA,NDA,NDA,NDA,NDA,NDA,NDA,NDA,NDA,NDA,NDA,12.5,12.6,13.8,13.2,0.7,14.3,0.5
609676,NDA,NDA,NDA,NDA,NDA,NDA,NDA,NDA,NDA,NDA,NDA,NDA,NDA,NDA,12.8,12.7,13.9,13.8,1,14.7,0.8
609678,NDA,NDA,NDA,NDA,NDA,NDA,NDA,NDA,NDA,NDA,NDA,NDA,NDA,NDA,19.6,20.3,21.3,21.1,1.5,24.8,3.5
609679,NDA,NDA,NDA,NDA,NDA,NDA,NDA,NDA,NDA,NDA,NDA,NDA,NDA,NDA,15.5,15.1,16.3,16.2,0.7,17.9,1.6
609680,NDA,NDA,NDA,NDA,NDA,NDA,NDA,NDA,NDA,NDA,NDA,NDA,NDA,NDA,21.2,21.8,23.1,23.2,2,27,3.9
609682,NDA,NDA,NDA,NDA,NDA,NDA,NDA,NDA,NDA,NDA,NDA,NDA,NDA,NDA,11.8,12,13.1,12.8,1,14,0.9
609691,NDA,NDA,NDA,NDA,NDA,NDA,NDA,NDA,NDA,NDA,NDA,NDA,NDA,NDA,13.3,12.8,14.1,14.2,0.9,15.4,1.3
609692,NDA,NDA,NDA,NDA,NDA,NDA,NDA,NDA,NDA,NDA,NDA,NDA,NDA,NDA,14.3,14.1,15.3,14.8,0.5,16.2,0.9
609693,NDA,NDA,NDA,NDA,NDA,NDA,NDA,NDA,NDA,NDA,NDA,NDA,NDA,NDA,16.1,16.9,NDA,17.1,1,NDA,NDA
609694,NDA,NDA,NDA,NDA,NDA,NDA,NDA,NDA,NDA,NDA,NDA,NDA,NDA,NDA,14.6,13.8,14.7,15,0.4,15.8,1.1
609695,NDA,NDA,NDA,NDA,NDA,NDA,NDA,NDA,NDA,NDA,NDA,NDA,NDA,NDA,13.8,13.9,14.9,14.8,1,16.7,1.8
609698,NDA,NDA,NDA,NDA,NDA,NDA,NDA,NDA,NDA,NDA,NDA,NDA,NDA,NDA,13.4,13.3,14.3,14.3,0.9,15.2,0.9
609702,NDA,NDA,NDA,NDA,NDA,NDA,NDA,NDA,NDA,NDA,NDA,NDA,NDA,NDA,12,11.9,13.2,13.6,1.6,14,0.8
609704,NDA,NDA,NDA,NDA,NDA,NDA,NDA,NDA,NDA,NDA,NDA,NDA,NDA,NDA,12.6,12.9,14.4,13.9,1.3,16,1.6
609705,NDA,NDA,NDA,NDA,NDA,NDA,NDA,NDA,NDA,NDA,NDA,NDA,NDA,NDA,12,12.1,12.9,13.3,1.3,14,1.1
609707,NDA,NDA,NDA,NDA,NDA,NDA,NDA,NDA,NDA,NDA,NDA,NDA,NDA,NDA,11.6,11,12.7,12.7,1.1,13.6,0.9
609708,NDA,NDA,NDA,NDA,NDA,NDA,NDA,NDA,NDA,NDA,NDA,NDA,NDA,NDA,13,12.7,14.1,13.7,0.7,15.3,1.2
609709,NDA,NDA,NDA,NDA,NDA,NDA,NDA,NDA,NDA,NDA,NDA,NDA,NDA,NDA,12.4,12,13.8,13.6,1.2,14.1,0.3
609710,NDA,NDA,NDA,NDA,NDA,NDA,NDA,NDA,NDA,NDA,16,40,100,40,13.2,12.9,14.1,13.7,0.5,14.7,0.6
609711,NDA,NDA,NDA,NDA,NDA,NDA,NDA,NDA,NDA,NDA,NDA,NDA,NDA,NDA,12.2,11.9,13.1,13.4,1.2,14.4,1.3
609712,NDA,NDA,NDA,NDA,NDA,NDA,NDA,NDA,NDA,NDA,NDA,NDA,NDA,NDA,11.5,11.2,12.9,12.4,0.9,14.1,1.2
609713,NDA,NDA,NDA,NDA,NDA,NDA,NDA,NDA,NDA,NDA,NDA,NDA,NDA,NDA,13,12.8,14.4,14.1,1.1,15.6,1.2
609715,NDA,NDA,NDA,NDA,NDA,NDA,NDA,NDA,NDA,NDA,NDA,NDA,NDA,NDA,13.4,13.4,15.1,14.6,1.2,17.1,2
609716,NDA,NDA,NDA,NDA,NDA,NDA,NDA,NDA,NDA,NDA,NDA,NDA,NDA,NDA,12.8,12.2,13.8,13.8,1,14.9,1.1
609718,NDA,NDA,NDA,NDA,NDA,NDA,NDA,NDA,NDA,NDA,NDA,NDA,NDA,NDA,14.8,14.1,15.1,15.6,0.8,16.4,1.3
609719,NDA,NDA,NDA,NDA,NDA,NDA,NDA,NDA,NDA,NDA,NDA,NDA,NDA,NDA,15.3,15.8,16.1,16.7,1.4,17.8,1.7
609720,NDA,NDA,NDA,NDA,NDA,NDA,NDA,NDA,NDA,NDA,NDA,NDA,NDA,NDA,19.1,19.5,19.9,20.1,1,23.4,3.5
609722,NDA,NDA,NDA,NDA,NDA,NDA,NDA,NDA,NDA,NDA,NDA,NDA,NDA,NDA,12.2,11.9,13.3,13,0.8,13.8,0.5
609723,NDA,NDA,NDA,NDA,NDA,NDA,NDA,NDA,NDA,NDA,NDA,NDA,NDA,NDA,11.7,11.8,13.4,13.2,1.5,14.6,1.2
609724,NDA,NDA,NDA,NDA,NDA,NDA,NDA,NDA,NDA,NDA,NDA,NDA,NDA,NDA,14.5,14.4,15,15.4,0.9,15.9,0.9
609725,NDA,NDA,NDA,NDA,NDA,NDA,NDA,NDA,NDA,NDA,60,80,98.5,64.1,14.7,14.6,15.6,15.9,1.2,17.8,2.2
609726,NDA,NDA,NDA,NDA,NDA,NDA,NDA,NDA,NDA,NDA,NDA,NDA,NDA,NDA,18,18.2,18.7,18.7,0.7,21.5,2.8
609727,NDA,NDA,NDA,NDA,NDA,NDA,NDA,NDA,NDA,NDA,NDA,NDA,NDA,NDA,11.5,12.8,13.4,12.9,1.4,15,1.6
609728,NDA,NDA,NDA,NDA,NDA,NDA,NDA,NDA,NDA,NDA,NDA,NDA,NDA,NDA,12.9,13.4,14.3,14,1.1,15.7,1.4
609729,NDA,NDA,NDA,NDA,NDA,NDA,NDA,NDA,NDA,NDA,NDA,NDA,NDA,NDA,13.1,12.9,14.3,14,0.9,15.6,1.3
609730,NDA,NDA,NDA,NDA,NDA,NDA,NDA,NDA,NDA,NDA,NDA,NDA,NDA,NDA,12.8,14.3,14.3,13.9,1.1,15.8,1.5
609732,NDA,NDA,NDA,NDA,NDA,NDA,NDA,NDA,NDA,NDA,NDA,NDA,NDA,NDA,13,13.8,13.8,14.3,1.3,16.1,2.3
609733,NDA,NDA,NDA,NDA,NDA,NDA,NDA,NDA,NDA,NDA,NDA,NDA,NDA,NDA,12.6,13.2,13.8,13.5,0.9,15.4,1.6
609734,NDA,NDA,NDA,NDA,NDA,NDA,91.8,93.6,41.3,59.8,71.9,88.4,74.4,60,14.8,15.7,15.9,16.4,1.6,17.9,2
609735,NDA,NDA,NDA,NDA,NDA,NDA,NDA,NDA,NDA,NDA,NDA,NDA,NDA,NDA,11.6,12,12.9,12.9,1.3,13.5,0.6
609736,NDA,NDA,NDA,NDA,NDA,NDA,NDA,NDA,NDA,NDA,NDA,NDA,NDA,NDA,11.6,11.7,13,12.9,1.3,14,1
609737,NDA,NDA,NDA,NDA,NDA,NDA,NDA,NDA,NDA,NDA,NDA,NDA,NDA,NDA,15.9,15.7,17.3,16.7,0.8,20.4,3.1
609738,NDA,NDA,NDA,NDA,NDA,NDA,NDA,NDA,NDA,NDA,NDA,NDA,NDA,NDA,17.7,18,18.6,19,1.3,21.6,3
609739,NDA,NDA,NDA,NDA,NDA,NDA,NDA,NDA,NDA,NDA,NDA,NDA,NDA,NDA,13.4,13.6,14.3,14.1,0.7,15.5,1.2
609740,NDA,NDA,NDA,NDA,NDA,NDA,NDA,NDA,NDA,NDA,NDA,NDA,NDA,NDA,12.8,12.4,14.2,13.6,0.8,14.9,0.7
609741,NDA,NDA,NDA,NDA,NDA,NDA,NDA,NDA,NDA,NDA,NDA,NDA,NDA,NDA,14.4,14.2,15.3,15.3,0.9,17.3,2
609744,NDA,NDA,NDA,NDA,NDA,NDA,NDA,NDA,NDA,NDA,NDA,NDA,NDA,NDA,NDA,NDA,NDA,NDA,NDA,NDA,NDA
609745,NDA,NDA,NDA,NDA,NDA,NDA,NDA,NDA,NDA,NDA,NDA,NDA,NDA,NDA,NDA,NDA,NDA,NDA,NDA,NDA,NDA
609746,NDA,NDA,NDA,NDA,NDA,NDA,NDA,NDA,NDA,NDA,60.2,75,81.2,49,15.6,15.1,16.8,16.9,1.3,19.1,2.3
609749,NDA,NDA,NDA,NDA,NDA,NDA,NDA,NDA,NDA,NDA,NDA,NDA,NDA,NDA,22.4,22.2,24.5,24.7,2.3,28.8,4.3
609751,NDA,NDA,NDA,NDA,NDA,NDA,NDA,NDA,NDA,NDA,NDA,NDA,NDA,NDA,17.4,17.7,17.7,18.1,0.7,20.5,2.8
609753,NDA,NDA,NDA,NDA,NDA,NDA,NDA,NDA,NDA,NDA,NDA,NDA,NDA,NDA,16.1,16.5,16.9,17.4,1.3,20.4,3.5
609754,NDA,NDA,NDA,NDA,NDA,NDA,NDA,NDA,NDA,NDA,NDA,NDA,NDA,NDA,14.8,14.4,15.2,15.6,0.8,17.4,2.2
609755,NDA,NDA,NDA,NDA,NDA,NDA,NDA,NDA,NDA,NDA,100,99,56.3,89.2,20.8,21,22.6,22.8,2,26.6,4
609756,NDA,NDA,NDA,NDA,NDA,NDA,NDA,NDA,NDA,NDA,NDA,NDA,NDA,NDA,14.2,14.2,15.6,15.1,0.9,16.9,1.3
609759,NDA,NDA,NDA,NDA,NDA,NDA,NDA,NDA,NDA,NDA,NDA,NDA,NDA,NDA,12.6,12.3,14,13.3,0.7,15.4,1.4
609760,NDA,NDA,NDA,NDA,NDA,NDA,NDA,NDA,NDA,NDA,NDA,NDA,NDA,NDA,14.5,14.2,15,14.9,0.4,16.8,1.8
609761,NDA,NDA,NDA,NDA,NDA,NDA,NDA,NDA,NDA,NDA,NDA,NDA,NDA,NDA,12,11.4,13,12.9,0.9,14.3,1.3
609762,NDA,NDA,NDA,NDA,NDA,NDA,NDA,NDA,NDA,NDA,NDA,NDA,NDA,NDA,13.1,12.8,14.2,13.9,0.8,14.8,0.6
609764,NDA,NDA,NDA,NDA,NDA,NDA,NDA,NDA,NDA,NDA,NDA,NDA,NDA,NDA,13.2,13.7,14.6,14.5,1.3,15.8,1.2
609766,NDA,NDA,NDA,NDA,NDA,NDA,NDA,NDA,NDA,NDA,NDA,NDA,NDA,NDA,NDA,NDA,NDA,NDA,NDA,NDA,NDA
609768,NDA,NDA,NDA,NDA,NDA,NDA,NDA,NDA,NDA,NDA,NDA,NDA,NDA,NDA,12.3,13,13.7,13.5,1.2,15,1.3
609769,NDA,NDA,NDA,NDA,NDA,NDA,NDA,NDA,NDA,NDA,NDA,NDA,NDA,NDA,NDA,NDA,NDA,NDA,NDA,NDA,NDA
609772,71.4,NDA,32.5,40.6,60.7,63.6,53.9,57.7,77.4,66.8,19.5,36.8,NDA,NDA,NDA,NDA,NDA,NDA,NDA,NDA,NDA
609773,68.5,39,44.1,49.5,44.9,49.5,43.6,50,43.6,43.6,30,53.3,NDA,NDA,NDA,NDA,NDA,NDA,NDA,NDA,NDA
609774,85.1,75.1,72.6,76.9,56.4,55.2,73.1,70.7,69.2,59.8,43.5,47.8,50,73.9,NDA,NDA,NDA,NDA,NDA,NDA,NDA
609775,42.1,NDA,30.1,34.4,67.1,52.4,37.2,37.2,56,56.8,8.8,40.4,NDA,NDA,NDA,NDA,NDA,NDA,NDA,NDA,NDA
609777,67.7,26.5,16.5,24,37.8,43.6,29.8,24,51.5,44.9,3.8,11.5,NDA,NDA,NDA,NDA,NDA,NDA,NDA,NDA,NDA
609779,66.5,45.5,47.5,38.8,55.7,65.5,59.7,51.5,72.9,54.4,28.2,43.5,30.8,60.9,NDA,NDA,NDA,NDA,NDA,NDA,NDA
609780,NDA,NDA,NDA,NDA,NDA,NDA,35.1,27.9,76.8,51.1,9.2,18.4,28.8,55,NDA,NDA,NDA,NDA,NDA,NDA,NDA
609781,64.7,66.7,25.3,9.9,42.4,53.5,16,16.5,53.3,32.4,3.1,9.4,NDA,NDA,NDA,NDA,NDA,NDA,NDA,NDA,NDA
609782,NDA,54.3,72.1,68.9,65.5,76.7,67.5,70.3,82.6,65.3,31.6,36.8,47.4,61.1,NDA,NDA,NDA,NDA,NDA,NDA,NDA
609786,47.8,15.4,11.9,22.3,41.7,40.9,14.8,20.6,42.7,44.1,2.2,24.4,NDA,NDA,NDA,NDA,NDA,NDA,NDA,NDA,NDA
609788,62.1,38.5,43,38.8,47.4,61.8,45.6,40.4,49.4,61.4,18.5,29.6,NDA,NDA,NDA,NDA,NDA,NDA,NDA,NDA,NDA
609789,76.4,55,41.2,28.2,44.9,49.2,63.6,32.5,81.2,64.8,NDA,NDA,NDA,NDA,NDA,NDA,NDA,NDA,NDA,NDA,NDA
609790,64.3,NDA,27,22.8,51.8,55.3,27.4,22.4,45.3,52.9,6.5,13,60,3.8,NDA,NDA,NDA,NDA,NDA,NDA,NDA
609791,61.7,42.2,15.5,15.9,45.3,31.5,23.9,18.6,53.6,38.8,7.3,11.9,NDA,NDA,NDA,NDA,NDA,NDA,NDA,NDA,NDA
609792,68,33.4,35.8,36.6,54.2,49.6,52.6,47.1,65.1,57.6,12.5,34.5,27.4,67.7,NDA,NDA,NDA,NDA,NDA,NDA,NDA
609793,NDA,NDA,39.1,18.6,54.1,58.5,64.3,34.5,69.4,56.7,21.2,21.2,NDA,NDA,NDA,NDA,NDA,NDA,NDA,NDA,NDA
609794,NDA,NDA,92,97.8,52.8,57.6,93.1,98.9,55.2,60.4,80,96.7,31.8,78.6,NDA,NDA,NDA,NDA,NDA,NDA,NDA
609795,80,74.1,56.8,37.5,60.7,71.1,60.5,46.6,57.5,56.1,30,33.3,29,NDA,NDA,NDA,NDA,NDA,NDA,NDA,NDA
609796,81.6,NDA,66.8,68.9,67.4,69.1,77,73.4,70.6,60.1,45.1,56.6,36.8,72.2,NDA,NDA,NDA,NDA,NDA,NDA,NDA
609797,70.7,54.1,30,17.3,55.4,70.7,24.8,24.3,50.7,56.2,3.8,7.5,NDA,NDA,NDA,NDA,NDA,NDA,NDA,NDA,NDA
609798,80,78.6,46.2,40.4,50.3,45.7,55.6,54.6,54.5,54.2,36.8,49.1,46.4,57.7,NDA,NDA,NDA,NDA,NDA,NDA,NDA
609799,91.9,67.3,79.2,77.4,53.3,54.7,84.2,83,49.8,53.6,62.6,71.7,58.1,65.6,NDA,NDA,NDA,NDA,NDA,NDA,NDA
609800,57.2,41.9,35.3,27.4,56.2,56.7,55.2,34.2,60.5,58.6,10,40,NDA,NDA,NDA,NDA,NDA,NDA,NDA,NDA,NDA
609803,87.5,62.6,88.6,78.5,61.7,62.8,81.9,79.9,56.3,63.6,53.6,73.2,50,63.3,NDA,NDA,NDA,NDA,NDA,NDA,NDA
609804,65,43,39.7,33.2,55.4,61.8,43.1,35.2,56.3,42.3,22.5,35,NDA,NDA,NDA,NDA,NDA,NDA,NDA,NDA,NDA
609805,NDA,NDA,27.8,27.4,66.9,49.4,33.1,29.6,49.7,61.6,11.8,31.4,NDA,NDA,NDA,NDA,NDA,NDA,NDA,NDA,NDA
609806,NDA,NDA,NDA,NDA,NDA,NDA,NDA,NDA,NDA,NDA,1.4,10.8,NDA,NDA,11.5,NDA,NDA,NDA,NDA,NDA,NDA
609807,59.6,40,35.3,28.6,57.1,56.1,37.6,33.8,52.8,54.6,9,37.2,NDA,NDA,NDA,NDA,NDA,NDA,NDA,NDA,NDA
609808,51.6,31.4,17.3,13.6,43.7,41.4,36.3,24.5,64.8,53.9,1.8,16.1,NDA,NDA,NDA,NDA,NDA,NDA,NDA,NDA,NDA
609809,48.5,42.6,44.2,30.8,50.9,56.1,54.4,30.9,48.9,46.6,20.8,28.3,48.1,3.8,NDA,NDA,NDA,NDA,NDA,NDA,NDA
609810,73,43,56.5,45.8,55.9,74,NDA,NDA,NDA,NDA,33,38.6,NDA,NDA,NDA,NDA,NDA,NDA,NDA,NDA,NDA
609811,50.5,19,30.4,28.2,65.1,64.8,35.8,32.3,74.1,61.3,0,17.9,NDA,NDA,NDA,NDA,NDA,NDA,NDA,NDA,NDA
609812,67.6,51.4,28.3,15.1,32,60,41.9,20.5,58,36.2,4.2,4.2,NDA,NDA,NDA,NDA,NDA,NDA,NDA,NDA,NDA
609813,NDA,NDA,24.3,17,38.8,63.1,36.8,32.4,67.6,47.2,NDA,NDA,NDA,NDA,NDA,NDA,NDA,NDA,NDA,NDA,NDA
609815,57.6,42.4,13.7,21.7,51.6,44.8,15.7,34.7,48.2,66.5,0,23.7,NDA,NDA,NDA,NDA,NDA,NDA,NDA,NDA,NDA
609817,77.1,54.4,44.9,53.5,48.1,57.9,36.3,44,44.7,36.4,9.1,23.6,48.1,16,NDA,NDA,NDA,NDA,NDA,NDA,NDA
609818,60.8,45.2,42.8,34.9,61.2,63.8,41,34.4,55,54.5,13.1,17.2,NDA,NDA,NDA,NDA,NDA,NDA,NDA,NDA,NDA
609819,44.4,57.4,30.3,16.2,40.7,40.4,37.6,24.7,63.3,45.5,3.6,14.3,NDA,NDA,NDA,NDA,NDA,NDA,NDA,NDA,NDA
609820,69.4,47,64.5,70.2,51.2,66.7,69.4,75,62.9,67.3,50,69.6,35.7,80,NDA,NDA,NDA,NDA,NDA,NDA,NDA
609821,75.9,65.1,59.1,43.6,61.1,79.6,77.2,58.7,57.5,65.5,8.7,26.1,NDA,NDA,NDA,NDA,NDA,NDA,NDA,NDA,NDA
609826,NDA,NDA,34.8,18.8,49.8,58.5,33.3,17.2,61,48.5,7.5,15.1,NDA,NDA,NDA,NDA,NDA,NDA,NDA,NDA,NDA
609827,81.7,55.8,31.1,38.5,49.3,39.9,40.6,33,52.4,49.4,18.6,35.6,20.9,NDA,NDA,NDA,NDA,NDA,NDA,NDA,NDA
609828,78.5,53.1,53.8,43.8,51.9,51.9,71.3,57.7,69.2,58.4,14.3,25,NDA,NDA,NDA,NDA,NDA,NDA,NDA,NDA,NDA
609829,67.3,27.9,47.7,43.4,55.9,45.1,44.2,57.4,51.9,64.3,25,15.9,42.2,21.1,NDA,NDA,NDA,NDA,NDA,NDA,NDA
609830,64.4,43.9,21.1,18.7,44.4,36.4,22.6,19,33.6,45.2,3.4,8.6,NDA,NDA,NDA,NDA,NDA,NDA,NDA,NDA,NDA
609832,74.3,69.6,50.2,42.9,43.7,67.6,44.9,48.1,45.8,36.5,21.5,34.2,19.3,56.3,NDA,NDA,NDA,NDA,NDA,NDA,NDA
609833,60.6,67.6,25.3,23.4,54,38.2,42.7,26.5,52.8,48.1,4.8,14.3,NDA,NDA,NDA,NDA,NDA,NDA,NDA,NDA,NDA
609834,69,56,26,25.1,49.8,52.2,42.1,32.6,63.2,56.3,17.6,19.4,30.9,66.7,NDA,NDA,NDA,NDA,NDA,NDA,NDA
609835,47.8,21.1,16.4,16.1,31.3,34.7,19.2,15.6,33.5,35,9.2,7.1,NDA,NDA,NDA,NDA,NDA,NDA,NDA,NDA,NDA
609836,75.3,60.6,77.2,58.3,52.9,62,81.3,71.3,61.4,59.7,41.3,60,29.8,100,NDA,NDA,NDA,NDA,NDA,NDA,NDA
609837,NDA,NDA,40.2,48.3,40.8,52.3,29.8,44.7,32.6,36.2,18.4,38.8,48.1,8.3,NDA,NDA,NDA,NDA,NDA,NDA,NDA
609839,63.1,47.5,26.7,29.4,52,38.4,37.1,27.7,45.1,43.5,13.8,30,10.3,NDA,NDA,NDA,NDA,NDA,NDA,NDA,NDA
609842,68.5,NDA,44,35,63.2,75.8,40.8,45.5,59.8,59.5,18.1,24.4,NDA,NDA,NDA,NDA,NDA,NDA,NDA,NDA,NDA
609844,72.3,46.6,21.8,17.8,50.5,57.6,24.8,24.8,44.9,48.6,13.3,33.3,42.4,50,NDA,NDA,NDA,NDA,NDA,NDA,NDA
609845,37.4,36.6,23.8,19.7,38.8,45.8,22,17.1,27.9,43.1,4.5,22.7,NDA,NDA,NDA,NDA,NDA,NDA,NDA,NDA,NDA
609848,62.7,60.9,20.7,20.2,46.7,40.9,21.2,29.8,37.4,60.2,2.5,20,NDA,NDA,NDA,NDA,NDA,NDA,NDA,NDA,NDA
609849,62.6,40,48.5,54.7,57.5,66.3,43.6,61,57.3,63.6,20.5,54.5,NDA,NDA,NDA,NDA,NDA,NDA,NDA,NDA,NDA
609850,64.5,35.5,46.7,37.4,48.8,52.8,65.6,47.9,53.1,49.7,43.1,50,NDA,NDA,NDA,NDA,NDA,NDA,NDA,NDA,NDA
609851,37.5,NDA,7.5,10.3,35.8,12.8,17.2,21.9,31.4,57.6,0,12.5,NDA,NDA,NDA,NDA,NDA,NDA,NDA,NDA,NDA
609852,72.6,57,56,54.4,55.2,69,53.2,63.9,60,59.8,12.8,41,27.5,63.6,NDA,NDA,NDA,NDA,NDA,NDA,NDA
609853,63,26.7,40.6,25,57.3,72.1,47.1,36.8,70.2,56.8,23.1,23.1,NDA,NDA,NDA,NDA,NDA,NDA,NDA,NDA,NDA
609854,67.5,59.7,59.8,41.5,59.8,72,59.3,56.3,67.4,70.1,60.6,45.5,NDA,NDA,NDA,NDA,NDA,NDA,NDA,NDA,NDA
609855,42.9,15.8,28.8,19,66.1,45.5,61.7,44.7,63,54.3,7.7,38.5,NDA,NDA,NDA,NDA,NDA,NDA,NDA,NDA,NDA
609856,52.4,47,34.4,27.1,42,48,39.3,29.6,54.8,37.1,10.2,25.4,NDA,NDA,NDA,NDA,NDA,NDA,NDA,NDA,NDA
609857,72.5,38.7,53.6,37.3,49.7,49.5,47.9,45.7,50.5,58.3,21.2,36.5,27.6,58.3,NDA,NDA,NDA,NDA,NDA,NDA,NDA
609859,68.8,44.9,45.8,40.1,55.6,63.7,64.7,39.7,70.6,54.2,24.3,25.2,23.6,46.7,NDA,NDA,NDA,NDA,NDA,NDA,NDA
609861,75.5,NDA,58.5,64,68.8,62.8,46.7,63,53.3,58.7,33.8,49.2,42.2,44.4,NDA,NDA,NDA,NDA,NDA,NDA,NDA
609862,76.2,60,44.6,26.4,54.7,72.5,45.5,22.4,72.1,52.6,0,11.4,NDA,NDA,NDA,NDA,NDA,NDA,NDA,NDA,NDA
609863,77,72.3,59.2,48.7,57.7,62.5,76.2,56.9,78.8,63,40,45,NDA,NDA,NDA,NDA,NDA,NDA,NDA,NDA,NDA
609864,57.1,36,21.5,12.7,42.4,55.4,41.2,31.8,68.7,68.2,1.7,6.8,NDA,NDA,NDA,NDA,NDA,NDA,NDA,NDA,NDA
609865,60.1,42,36,21.1,41.4,54.1,26.3,19.1,43.2,34.7,4.8,15.9,37.7,23.1,NDA,NDA,NDA,NDA,NDA,NDA,NDA
609866,90.1,52.9,72.6,66.7,61.4,65.8,64.8,64.8,53.8,63.5,27.8,50,NDA,NDA,NDA,NDA,NDA,NDA,NDA,NDA,NDA
609867,62.7,28.7,37.1,26.1,43.5,44.6,NDA,NDA,NDA,NDA,NDA,NDA,NDA,NDA,NDA,NDA,NDA,NDA,NDA,NDA,NDA
609869,58.8,NDA,40,14,52.8,59.8,31.9,17,51.3,44.9,7.7,11.5,NDA,NDA,NDA,NDA,NDA,NDA,NDA,NDA,NDA
609870,64.1,35.3,35.7,22.6,48.4,61.1,45.8,28.8,47.5,53,21.6,19.6,NDA,NDA,NDA,NDA,NDA,NDA,NDA,NDA,NDA
609871,NDA,NDA,NDA,NDA,NDA,NDA,NDA,NDA,NDA,NDA,NDA,NDA,NDA,NDA,NDA,NDA,NDA,NDA,NDA,NDA,NDA
609872,67.7,NDA,37.9,33.6,61.1,62.3,45.9,26.7,71.8,51.8,14,14,35.6,18.8,NDA,NDA,NDA,NDA,NDA,NDA,NDA
609873,51.6,38,12.5,16.1,35.2,38.7,36.7,28.1,64.3,56.6,3.4,6.9,13.3,NDA,NDA,NDA,NDA,NDA,NDA,NDA,NDA
609874,69.9,45.8,65.1,56.9,55.5,55.2,51.9,45.1,45.6,40.7,22.5,35.2,6.2,NDA,NDA,NDA,NDA,NDA,NDA,NDA,NDA
609875,50.3,35.6,37.7,33.5,59.6,68.5,29.6,36.1,60.6,51.2,16.7,19.2,21,50,NDA,NDA,NDA,NDA,NDA,NDA,NDA
609876,42.1,NDA,35.4,20.7,44.4,55.3,39.2,24.3,61.4,48.2,18.6,26.7,NDA,NDA,NDA,NDA,NDA,NDA,NDA,NDA,NDA
609879,54.3,24,39.9,42.9,66.9,76.5,52.3,56.2,70.1,65.3,19.8,35.5,NDA,NDA,NDA,NDA,NDA,NDA,NDA,NDA,NDA
609880,100,97.2,98.6,98.6,50.7,61.3,100,100,48.1,78.6,NDA,NDA,NDA,NDA,NDA,NDA,NDA,NDA,NDA,NDA,NDA
609881,88.4,76.7,26.7,18,62.6,62,41.5,32,67.1,69.3,3.4,6.9,NDA,NDA,NDA,NDA,NDA,NDA,NDA,NDA,NDA
609883,45.9,NDA,20.6,18.4,51.8,44.3,20,26.8,61.3,54.4,2.2,4.4,NDA,NDA,NDA,NDA,NDA,NDA,NDA,NDA,NDA
609884,71.1,34.9,60.8,51.1,62.9,66.3,73.5,57.6,68.6,63.8,20,46.7,NDA,NDA,NDA,NDA,NDA,NDA,NDA,NDA,NDA
609885,64.7,56.1,12.2,11.8,30.9,44.2,10.4,4.3,40.3,23.1,3.6,0,NDA,NDA,NDA,NDA,NDA,NDA,NDA,NDA,NDA
609887,69.7,35.5,42.8,37.8,51.8,70.8,43.5,44.5,51.3,49.4,22.1,31.6,NDA,NDA,NDA,NDA,NDA,NDA,NDA,NDA,NDA
609888,NDA,NDA,51.4,49.7,53.1,55.2,53.2,54,59,51.1,12,22,43.1,19,NDA,NDA,NDA,NDA,NDA,NDA,NDA
609891,55.6,50,15.9,3.7,40.6,32.4,7.4,24.5,39.8,54.9,11.8,35.3,NDA,NDA,NDA,NDA,NDA,NDA,NDA,NDA,NDA
609893,81.8,52.9,58.4,62.7,70.5,68.1,76.9,74,85,69.4,58,60,NDA,NDA,NDA,NDA,NDA,NDA,NDA,NDA,NDA
609894,63,NDA,15.7,29.8,67.1,60,41.8,50,83.1,78.5,7.7,26.9,NDA,NDA,NDA,NDA,NDA,NDA,NDA,NDA,NDA
609895,80.2,54.2,46.3,46,54.5,60.5,68.8,55.3,57.9,52.2,18.4,44.9,NDA,NDA,NDA,NDA,NDA,NDA,NDA,NDA,NDA
609896,71.3,NDA,68.6,69.3,66.3,75.3,37.7,42.9,43.3,61.3,0,0,NDA,NDA,NDA,NDA,NDA,NDA,NDA,NDA,NDA
609897,37.5,36.8,44.1,20.8,56.1,73.8,38.6,25,59.4,50.7,12,20,NDA,NDA,NDA,NDA,NDA,NDA,NDA,NDA,NDA
609898,48.2,27.3,28.2,31.4,52.4,49.5,32.8,39.9,50.4,51.3,10.2,20.9,15.9,17.2,NDA,NDA,NDA,NDA,NDA,NDA,NDA
609899,84.7,61.5,81.2,68.5,63.3,82.2,77.4,69.4,56.8,70.1,34.5,53.4,NDA,NDA,NDA,NDA,NDA,NDA,NDA,NDA,NDA
609900,51.2,NDA,NDA,NDA,NDA,NDA,NDA,NDA,NDA,NDA,9.1,18.8,NDA,NDA,NDA,NDA,NDA,NDA,NDA,NDA,NDA
609901,96.3,47.6,88.1,74.1,55.2,75.2,80,79.1,54.5,60,50,71.4,83.3,64,NDA,NDA,NDA,NDA,NDA,NDA,NDA
609902,43.2,20.9,27.5,26.2,47.3,42.7,51.1,34.6,60.5,57.6,13.6,40.7,24.6,84.6,NDA,NDA,NDA,NDA,NDA,NDA,NDA
609903,73.3,42.8,46.5,26.3,52.2,62.5,32.7,27.6,44.1,50.8,11,28.4,NDA,NDA,NDA,NDA,NDA,NDA,NDA,NDA,NDA
609904,56.6,46.9,29.5,33.3,60.6,64.5,43.6,29.9,69.3,60.8,11.1,14.8,NDA,NDA,NDA,NDA,NDA,NDA,NDA,NDA,NDA
609906,68.1,67.4,28.8,17,48,67.3,15.1,27.4,56.9,63.4,8.9,20,NDA,NDA,NDA,NDA,NDA,NDA,NDA,NDA,NDA
609907,76.1,70.9,41.3,22.4,43.1,58.5,43.8,25.4,60.9,40.9,10.4,20.8,51.1,4.2,NDA,NDA,NDA,NDA,NDA,NDA,NDA
609908,77.6,38.8,33.3,26.3,52,47.5,32,22.1,55.2,37.5,8.6,17.1,NDA,NDA,NDA,NDA,NDA,NDA,NDA,NDA,NDA
609909,64.4,47,37.2,35,56.9,52.2,NDA,NDA,NDA,NDA,NDA,NDA,NDA,NDA,NDA,NDA,NDA,NDA,NDA,NDA,NDA
609910,71.7,42.9,47.7,28.5,46.9,63.4,72,33.3,77.2,59.1,NDA,NDA,NDA,NDA,NDA,NDA,NDA,NDA,NDA,NDA,NDA
609912,68.4,33.1,50.3,60.8,62.7,55,52.1,57.6,59.2,60.4,30.2,41.8,NDA,NDA,NDA,NDA,NDA,NDA,NDA,NDA,NDA
609913,77.8,67.9,40.5,26,50.4,67.7,35.4,29.2,61,50,4,8,NDA,NDA,NDA,NDA,NDA,NDA,NDA,NDA,NDA
609916,43.8,8.3,10.7,18.1,35.9,26.6,6.3,7.9,32.7,32.7,0,11.5,NDA,NDA,NDA,NDA,NDA,NDA,NDA,NDA,NDA
609917,70.5,43.3,22.5,12.7,35.2,55.4,31.1,20.4,38.7,34.8,15.6,34.4,NDA,NDA,NDA,NDA,NDA,NDA,NDA,NDA,NDA
609918,NDA,NDA,23.9,24.3,49.4,51.4,48.4,36.4,70.3,53.2,7.4,13,45.6,20,NDA,NDA,NDA,NDA,NDA,NDA,NDA
609919,87.1,NDA,15.7,14.6,58,54.2,30.1,30.1,69.7,61.8,32.1,28.6,NDA,NDA,NDA,NDA,NDA,NDA,NDA,NDA,NDA
609920,76.2,35.2,16.9,18.3,51.7,51.2,25.7,28.6,51.5,60,16,22,21.6,45.5,NDA,NDA,NDA,NDA,NDA,NDA,NDA
609921,31.3,NDA,31.8,13.6,50.8,66.2,30.8,25.4,51.6,54.4,4.5,18.2,NDA,NDA,NDA,NDA,NDA,NDA,NDA,NDA,NDA
609922,60.7,31.8,22.5,21.3,51.8,55.3,42.9,39,61.7,53.2,0,6.9,NDA,NDA,NDA,NDA,NDA,NDA,NDA,NDA,NDA
609924,60.1,48.3,36.6,35.8,52,64.5,69.4,44.2,74.7,70.2,7,33.3,NDA,NDA,NDA,NDA,NDA,NDA,NDA,NDA,NDA
609925,84.7,55.3,37,32.3,48.9,56,34.5,43.2,56.5,55.2,0,11.5,NDA,NDA,NDA,NDA,NDA,NDA,NDA,NDA,NDA
609926,72.7,42.6,74.1,66.9,50,53.1,70.2,71.3,56.4,54.8,33.3,63.6,NDA,NDA,NDA,NDA,NDA,NDA,NDA,NDA,NDA
609927,NDA,59.1,23.4,17.1,41.2,40.3,29.2,15.9,45.1,29.3,4,25.5,NDA,NDA,NDA,NDA,NDA,NDA,NDA,NDA,NDA
609928,40.9,21.4,10.4,2.4,50,40,6.8,10.9,22.4,34.8,6.3,12.5,NDA,NDA,NDA,NDA,NDA,NDA,NDA,NDA,NDA
609929,40.7,NDA,17.9,10.3,41.2,40.9,50.4,7.9,70.8,49.6,10.6,6.4,NDA,NDA,NDA,NDA,NDA,NDA,NDA,NDA,NDA
609930,65.1,40.2,18.2,17.4,32.6,48.3,26.1,26.8,46.4,41.8,18.2,31.8,NDA,NDA,NDA,NDA,NDA,NDA,NDA,NDA,NDA
609932,57.1,37.9,11.9,28.4,42.2,42.2,NDA,NDA,NDA,NDA,NDA,NDA,NDA,NDA,NDA,NDA,NDA,NDA,NDA,NDA,NDA
609933,40.1,15.5,18.7,17.9,49.3,39.3,32.4,24.8,46.2,48.9,7.5,22.5,20.9,NDA,NDA,NDA,NDA,NDA,NDA,NDA,NDA
609935,66.7,53.6,40.1,23.7,48.7,62.2,46.7,34,62.8,58.6,17.4,27.7,NDA,NDA,NDA,NDA,NDA,NDA,NDA,NDA,NDA
609937,83.4,43.6,63.9,57.8,58.1,63.9,60.6,59.4,51.4,55.3,38.4,49.3,44.6,45.5,NDA,NDA,NDA,NDA,NDA,NDA,NDA
609938,NDA,NDA,34.5,21.8,50.5,55.3,45.5,27.7,58.4,41.7,12.3,21.3,NDA,NDA,NDA,NDA,NDA,NDA,NDA,NDA,NDA
609939,55.1,33.6,24.7,24,50.7,58.7,36.8,33.8,53.2,52.8,8.1,16.2,NDA,NDA,NDA,NDA,NDA,NDA,NDA,NDA,NDA
609941,52.9,52.6,20.2,11.3,40.1,48.1,44.2,21.3,63,50.8,12.1,12.1,NDA,NDA,NDA,NDA,NDA,NDA,NDA,NDA,NDA
609942,72.7,55.1,40.6,42.4,68.6,80.2,57.6,52.7,71.2,59.6,21.4,31.4,20.5,29.4,NDA,NDA,NDA,NDA,NDA,NDA,NDA
609943,NDA,NDA,36.9,30.1,57.9,56.5,36.8,29.5,67.5,56.3,3.9,15.7,NDA,NDA,NDA,NDA,NDA,NDA,NDA,NDA,NDA
609944,84.4,51.6,53.4,47.7,45.5,60.2,50,45.7,62,54.3,23.5,44.1,NDA,NDA,NDA,NDA,NDA,NDA,NDA,NDA,NDA
609945,64,62.9,46.1,32.8,52.5,59.5,61.5,48.3,65.6,60.7,37.5,51.8,34.5,100,NDA,NDA,NDA,NDA,NDA,NDA,NDA
609947,76.7,47.4,59.4,38.8,51.6,76.2,44.4,31.3,66.7,49.3,5.9,35.3,45.3,31.8,NDA,NDA,NDA,NDA,NDA,NDA,NDA
609949,74.1,NDA,53.5,51.4,69.1,77.5,43,53.5,61,70.1,16.3,28.7,46.1,34.9,NDA,NDA,NDA,NDA,NDA,NDA,NDA
609950,72.4,51.6,NDA,NDA,NDA,NDA,NDA,NDA,NDA,NDA,NDA,NDA,NDA,NDA,NDA,NDA,NDA,NDA,NDA,NDA,NDA
609951,70.8,34.3,48.4,43,62,58.6,40,47.1,58.6,49.3,14.6,36.6,35,28.6,NDA,NDA,NDA,NDA,NDA,NDA,NDA
609952,NDA,NDA,43.2,44.7,58.3,49.7,NDA,NDA,NDA,NDA,NDA,NDA,NDA,NDA,NDA,NDA,NDA,NDA,NDA,NDA,NDA
609954,61.6,45.5,36.8,17.9,62.3,70.8,44.3,37.7,69.1,77.9,6.3,41.7,NDA,NDA,NDA,NDA,NDA,NDA,NDA,NDA,NDA
609955,61.4,54,30.7,24,47.7,57.3,13.9,21.6,35.2,34.6,5.4,16.2,NDA,NDA,NDA,NDA,NDA,NDA,NDA,NDA,NDA
609956,58.8,39.4,37.4,39.7,50.7,50.3,45.5,57.3,51,58.7,17.4,32.6,NDA,NDA,NDA,NDA,NDA,NDA,NDA,NDA,NDA
609958,72.8,61.1,44,32.7,48.2,59.2,56.3,51.1,56.5,59.6,27.4,42.4,22.4,100,NDA,NDA,NDA,NDA,NDA,NDA,NDA
609959,70.2,47.6,69.3,57.6,69,69.8,73.2,53.6,74.3,63.6,35.9,32,25.9,93.1,NDA,NDA,NDA,NDA,NDA,NDA,NDA
609960,53.8,34.4,43.3,49,55.2,56.2,35.1,54.6,53.6,55.1,12.5,29.5,NDA,NDA,NDA,NDA,NDA,NDA,NDA,NDA,NDA
609961,52.5,35.7,33.9,28.1,52.8,62.1,44.2,27.9,66.3,59.5,3.6,16.4,NDA,NDA,NDA,NDA,NDA,NDA,NDA,NDA,NDA
609963,70.3,47.2,34.4,48.4,56.5,62.9,31.9,46.8,48.9,51.1,14.3,35.7,NDA,NDA,NDA,NDA,NDA,NDA,NDA,NDA,NDA
609964,61.7,48.9,39.1,19.5,50.8,67.9,58,26.5,64.5,56.5,9.1,18.2,NDA,NDA,NDA,NDA,NDA,NDA,NDA,NDA,NDA
609966,77.4,NDA,27.4,24.8,62.4,53.7,38.1,28.8,60.2,59.8,12.8,5.3,25,NDA,NDA,NDA,NDA,NDA,NDA,NDA,NDA
609967,58.6,NDA,33.1,25.2,53.6,47.8,44.9,34.8,48.4,50.8,17.1,25.7,NDA,NDA,NDA,NDA,NDA,NDA,NDA,NDA,NDA
609968,64.7,25.1,34.4,24.4,39.5,56.1,27.5,21.6,37.5,44.7,NDA,NDA,NDA,NDA,NDA,NDA,NDA,NDA,NDA,NDA,NDA
609969,57.1,NDA,52.8,60,66.1,60.8,43.8,60.4,60.4,64.6,NDA,NDA,NDA,NDA,NDA,NDA,NDA,NDA,NDA,NDA,NDA
609971,NDA,NDA,25.6,28.2,42.7,46.8,50,38.9,58.8,53.1,14.6,23.1,NDA,NDA,NDA,NDA,NDA,NDA,NDA,NDA,NDA
609972,68.9,37.2,31.5,24.3,53.4,58.5,32.5,29.3,48,32.9,NDA,NDA,NDA,NDA,NDA,NDA,NDA,NDA,NDA,NDA,NDA
609973,NDA,NDA,51.6,40.3,68.9,76.2,44.5,45.5,60.5,64.3,15.5,35.7,20.2,52.9,NDA,NDA,NDA,NDA,NDA,NDA,NDA
609974,85.3,56.9,82.7,83.3,58.6,62.5,89.1,87.4,65.1,62.9,79,80.6,98.4,91.8,NDA,NDA,NDA,NDA,NDA,NDA,NDA
609975,53.8,51.5,45.8,26.8,58,68.4,34.3,34.1,68.7,65.2,0,5.4,10.5,NDA,NDA,NDA,NDA,NDA,NDA,NDA,NDA
609976,78.2,59.2,50.8,46.9,56.9,66.5,55.5,46.3,61.5,57.5,26.7,39.5,NDA,NDA,NDA,NDA,NDA,NDA,NDA,NDA,NDA
609977,57.7,NDA,43.9,45.8,60,62.4,75,30,88.9,55.6,NDA,NDA,NDA,NDA,NDA,NDA,NDA,NDA,NDA,NDA,NDA
609978,64.8,42.6,25,20.2,53.1,49,34.6,22.3,30.7,45.9,8.6,22.9,NDA,NDA,NDA,NDA,NDA,NDA,NDA,NDA,NDA
609979,84,NDA,72.1,62.8,63.4,80,64.3,68.5,61.4,69.3,38.6,52.9,18.9,80,NDA,NDA,NDA,NDA,NDA,NDA,NDA
609981,52.2,48.8,14.9,10.7,29.7,40,29.5,22.2,50,47.1,7.1,10.7,NDA,NDA,NDA,NDA,NDA,NDA,NDA,NDA,NDA
609983,66.3,41.1,34,19.6,46.3,50.4,25.1,25.2,57,55.1,13.2,17.1,16.5,61.5,NDA,NDA,NDA,NDA,NDA,NDA,NDA
609985,72.4,64.9,36.5,34.1,45.7,37.3,61.4,46.7,61.6,51.1,28,44,NDA,NDA,NDA,NDA,NDA,NDA,NDA,NDA,NDA
609986,38.8,23.1,21.6,18,52.8,55.9,18.8,14.4,60.6,45.3,4.4,17.8,8.2,NDA,NDA,NDA,NDA,NDA,NDA,NDA,NDA
609987,58.7,60,31.6,12.1,41.1,50,48.5,16.7,71.9,54.9,7.5,32.5,NDA,NDA,NDA,NDA,NDA,NDA,NDA,NDA,NDA
609988,56.6,35.5,42.1,38.1,68.2,61.3,30.4,48.2,44.6,75,NDA,NDA,NDA,NDA,NDA,NDA,NDA,NDA,NDA,NDA,NDA
609989,58.4,26,53.3,34.9,63.7,83.5,53.8,29,73.9,58.1,25,25,NDA,NDA,NDA,NDA,NDA,NDA,NDA,NDA,NDA
609990,89,70.1,81.7,80.1,63.5,66.8,72,68.7,70.9,71.6,27.3,40.9,NDA,NDA,NDA,NDA,NDA,NDA,NDA,NDA,NDA
609991,62.6,35.6,13.5,16.3,63.3,50.4,22.1,22.1,65.7,67.6,0,10.5,NDA,NDA,NDA,NDA,NDA,NDA,NDA,NDA,NDA
609993,76.9,NDA,26,24.7,61.8,49.7,39.2,27.2,69.7,60.6,9.1,18.2,42.9,25,NDA,NDA,NDA,NDA,NDA,NDA,NDA
609994,70.7,20.7,38.3,27.2,40,46.7,38.8,34.7,33.9,38.3,NDA,NDA,NDA,NDA,NDA,NDA,NDA,NDA,NDA,NDA,NDA
609995,73.7,27.6,62.2,51.7,50,67.8,56.5,54.8,52,63.3,22.9,37.5,NDA,NDA,NDA,NDA,NDA,NDA,NDA,NDA,NDA
609996,53.2,NDA,33.9,26.1,49.2,45.7,56.8,37.4,57.3,58.2,28,37.5,NDA,NDA,NDA,NDA,NDA,NDA,NDA,NDA,NDA
609997,40,30.5,17.7,8,28.8,33.1,20.8,8.8,41.8,20.2,3.1,9.4,9.1,NDA,NDA,NDA,NDA,NDA,NDA,NDA,NDA
610000,NDA,NDA,36.9,35.6,63.1,75.2,38.5,39.1,67.5,56.4,7.4,14.8,NDA,NDA,NDA,NDA,NDA,NDA,NDA,NDA,NDA
610002,40.2,NDA,36.2,42.7,56.3,61.7,54,65,50,50,14.6,41.5,NDA,NDA,NDA,NDA,NDA,NDA,NDA,NDA,NDA
610003,72.4,72.1,44.3,44.9,63,68.8,54.2,44.3,54.8,52.4,23.1,40,28.8,21.1,NDA,NDA,NDA,NDA,NDA,NDA,NDA
610004,71.9,71.4,24.4,28.9,55.3,68.2,26.8,25.9,56.2,45.8,9.5,4.8,NDA,NDA,NDA,NDA,NDA,NDA,NDA,NDA,NDA
610005,69.2,63.3,32.6,16.9,40.3,76,54.8,20.8,69.6,45.8,5.9,23.5,NDA,NDA,NDA,NDA,NDA,NDA,NDA,NDA,NDA
610006,74.8,51.7,47.6,32.1,56.6,58.4,47,39.6,54,60.7,19,26.7,NDA,30.3,NDA,NDA,NDA,NDA,NDA,NDA,NDA
610009,77.3,60.5,54.7,55.4,68.7,68.2,55.6,59.5,66.3,56.6,33.3,41.7,33.3,78.9,NDA,NDA,NDA,NDA,NDA,NDA,NDA
610010,59.4,36.2,41.4,40.6,47.9,48.9,30.2,45.5,40.6,58.7,13.5,32.4,NDA,NDA,NDA,NDA,NDA,NDA,NDA,NDA,NDA
610011,79.1,NDA,63.8,58,70.1,72.1,57.6,67.2,66.1,62.7,30.5,35.4,38.1,42.9,NDA,NDA,NDA,NDA,NDA,NDA,NDA
610012,34.8,21.3,21.9,10.7,42.3,57.7,37.1,14.5,69.4,46.7,4.3,25.5,45.8,31.8,NDA,NDA,NDA,NDA,NDA,NDA,NDA
610013,58.1,36.1,23.7,19.4,46.3,46.7,35.7,33.3,50,51.2,NDA,NDA,NDA,NDA,NDA,NDA,NDA,NDA,NDA,NDA,NDA
610015,75.5,34.7,32.5,20,59.2,64.4,25,34.9,51.3,71.3,6.9,34.5,NDA,NDA,NDA,NDA,NDA,NDA,NDA,NDA,NDA
610016,78.8,10,49.4,67.8,65.5,65.5,52,77.5,49,64.7,17.5,47.5,28.2,36.4,NDA,NDA,NDA,NDA,NDA,NDA,NDA
610017,72.3,35.3,38.6,35.8,54.9,57.5,51.8,39.8,56.3,52.8,15.3,27,10.8,91.7,NDA,NDA,NDA,NDA,NDA,NDA,NDA
610018,NDA,NDA,NDA,NDA,NDA,NDA,33.3,39.6,53.9,46.5,17.6,31.5,24.1,76.9,NDA,NDA,NDA,NDA,NDA,NDA,NDA
610019,NDA,NDA,55.2,46.3,71.6,71.6,67.2,58.1,83.3,78.7,5.6,38.9,NDA,NDA,NDA,NDA,NDA,NDA,NDA,NDA,NDA
610020,54.5,44.4,27.2,26.3,59.8,55.1,26.9,25.9,69.4,63.3,7.5,7.5,NDA,NDA,NDA,NDA,NDA,NDA,NDA,NDA,NDA
610021,45.1,32.1,23.6,14.6,46.7,39.7,24.6,25.8,45.4,67.2,8.2,18.4,NDA,NDA,NDA,NDA,NDA,NDA,NDA,NDA,NDA
610022,70,51.2,40.5,28.6,53.4,61.2,39.4,33.7,57.8,52.8,22.7,27.3,NDA,NDA,NDA,NDA,NDA,NDA,NDA,NDA,NDA
610023,42.1,NDA,30.1,29.4,57.5,53.8,36.8,27.5,65.9,69,10,16.7,40.6,7.7,NDA,NDA,NDA,NDA,NDA,NDA,NDA
610024,77.2,59.6,31.9,26.5,41.4,57.7,NDA,NDA,NDA,NDA,NDA,NDA,NDA,NDA,NDA,NDA,NDA,NDA,NDA,NDA,NDA
610026,62,NDA,62.6,42.6,51.6,67.6,68.3,50.2,60,56.4,36.7,40.5,26.5,63.6,NDA,NDA,NDA,NDA,NDA,NDA,NDA
610027,76.2,52.5,49.7,44.4,64.5,58.2,51.6,46.3,57.1,50.3,13.7,31.4,16,NDA,NDA,NDA,NDA,NDA,NDA,NDA,NDA
610028,41.3,31.9,34,22.2,42.8,56.2,29.6,22.8,80,61.7,4.3,19.6,NDA,NDA,NDA,NDA,NDA,NDA,NDA,NDA,NDA
610029,70,38.7,31,29.5,44.7,54.3,38.9,34.7,55.6,50,15,20,NDA,NDA,NDA,NDA,NDA,NDA,NDA,NDA,NDA
610030,60,34.9,27.5,24.6,36.9,33.9,14.7,23.8,37.9,43.4,6.5,18.8,NDA,NDA,NDA,NDA,NDA,NDA,NDA,NDA,NDA
610031,54.6,12,25.3,23.3,44.9,45.6,26,22.7,48.3,46.7,11.3,26.4,NDA,NDA,NDA,NDA,NDA,NDA,NDA,NDA,NDA
610032,59.4,46.3,53,39.2,72.6,63.5,55.2,37.5,59.8,67.5,12.5,12.5,NDA,NDA,NDA,NDA,NDA,NDA,NDA,NDA,NDA
610033,86,47.4,81.4,78.3,67.7,76.4,79.2,84.7,73.2,76.5,61,71.2,NDA,NDA,NDA,NDA,NDA,NDA,NDA,NDA,NDA
610034,43.4,NDA,17.2,10,34,44,21.1,15.9,45.2,47,0,2,NDA,NDA,NDA,NDA,NDA,NDA,NDA,NDA,NDA
610036,67.8,58.4,20.3,19.8,51.3,40.1,15.8,22.5,53.5,58.3,2.3,4.5,NDA,NDA,NDA,NDA,NDA,NDA,NDA,NDA,NDA
610037,31.1,37.3,24.7,12,43.2,48.3,32,17.7,55.3,48.3,4.2,14.6,18,NDA,NDA,NDA,NDA,NDA,NDA,NDA,NDA
610038,80.1,43.3,89.6,84.9,60.7,62.6,81.9,85.2,52,62.4,66.3,77.9,67.1,54.5,NDA,NDA,NDA,NDA,NDA,NDA,NDA
610039,66.1,41.2,40.2,29.7,51.3,72,49.4,44.2,64.4,67.6,20.4,40.7,48.2,24,NDA,NDA,NDA,NDA,NDA,NDA,NDA
610040,NDA,32.9,34.1,18.3,46.5,53.3,NDA,NDA,NDA,NDA,NDA,NDA,NDA,NDA,NDA,NDA,NDA,NDA,NDA,NDA,NDA
610041,63.4,39.5,36.1,30.5,55.3,63,58.7,46,64,70.5,26.1,33.8,23.9,45.5,NDA,NDA,NDA,NDA,NDA,NDA,NDA
610043,68.5,62.7,23.5,33.1,51.2,51.2,32.9,37.3,40.3,65.5,7.8,27.5,NDA,NDA,NDA,NDA,NDA,NDA,NDA,NDA,NDA
610044,52.7,40.9,20.6,18.5,39.5,50.3,42.3,28.4,66.4,52.2,8,26,NDA,NDA,NDA,NDA,NDA,NDA,NDA,NDA,NDA
610045,56.7,35.9,9,14.6,41.2,31,8,15.8,37.3,40.6,5.3,15.8,NDA,NDA,NDA,NDA,NDA,NDA,NDA,NDA,NDA
610046,72,NDA,42.9,51.1,68.1,70.2,61.6,59,62.9,55.6,37.6,36.4,24.3,100,NDA,NDA,NDA,NDA,NDA,NDA,NDA
610047,60,60.7,21.8,24.3,52,49,33.3,19.3,48.8,38.6,3.1,28.1,NDA,NDA,NDA,NDA,NDA,NDA,NDA,NDA,NDA
610048,44.4,NDA,23.7,13.9,44.5,52.8,26.5,17.1,49.1,41.7,0,11.1,NDA,NDA,NDA,NDA,NDA,NDA,NDA,NDA,NDA
610051,NDA,NDA,NDA,NDA,NDA,NDA,29.5,25.1,41.4,41.1,10.3,14.8,10.5,62.5,NDA,NDA,NDA,NDA,NDA,NDA,NDA
610052,46.9,30.2,12.8,16.5,49.7,46.2,23.3,23.3,57.2,51,6.4,27.7,19.1,NDA,NDA,NDA,NDA,NDA,NDA,NDA,NDA
610053,54.4,21.8,22.6,16.2,42,40,14.2,16.2,31.2,40.2,4.2,13.2,NDA,NDA,NDA,NDA,NDA,NDA,NDA,NDA,NDA
610054,55.8,37.6,34.5,34.9,53.2,58.7,33.5,44.9,50.8,52.2,11.1,31.1,NDA,NDA,NDA,NDA,NDA,NDA,NDA,NDA,NDA
610055,56.4,34,34.4,17.2,53.2,73.3,59.8,22.9,80.6,63.5,17.1,17.1,NDA,NDA,NDA,NDA,NDA,NDA,NDA,NDA,NDA
610056,48.4,NDA,8.1,20.3,34.2,31.2,12.9,28.4,24.3,39.8,5.7,26.9,NDA,NDA,NDA,NDA,NDA,NDA,NDA,NDA,NDA
610057,49,36.8,15.9,11.1,27.3,42,20.5,17.8,44.7,35.8,0,12.5,16.1,NDA,NDA,NDA,NDA,NDA,NDA,NDA,NDA
610058,63.3,58.8,17.5,17.5,54,51.4,27.1,25,58.6,58.6,4.6,13.8,NDA,NDA,NDA,NDA,NDA,NDA,NDA,NDA,NDA
610059,79.6,NDA,47.9,36.8,53.1,59.8,26.9,37.4,37.8,46.8,16.4,32.7,NDA,NDA,NDA,NDA,NDA,NDA,NDA,NDA,NDA
610060,88.7,NDA,90.3,90.9,70.6,81.2,85.7,90.7,64.8,62.1,72.6,87.1,48.4,80,NDA,NDA,NDA,NDA,NDA,NDA,NDA
610061,48.3,24.1,28.2,25.2,45.9,58,40,36.6,57.4,53.7,10,30,NDA,NDA,NDA,NDA,NDA,NDA,NDA,NDA,NDA
610062,40.5,17.4,35.2,26.8,65.2,55.1,33.9,39.7,57.6,58.3,27.8,22.2,NDA,NDA,NDA,NDA,NDA,NDA,NDA,NDA,NDA
610063,55.3,39.4,42.1,22.6,43.9,54.2,NDA,NDA,NDA,NDA,NDA,NDA,NDA,NDA,NDA,NDA,NDA,NDA,NDA,NDA,NDA
610065,34.3,NDA,15.8,7.9,39.4,43.1,15.1,15.5,43.6,52.5,4.5,23.3,NDA,NDA,NDA,NDA,NDA,NDA,NDA,NDA,NDA
610066,NDA,NDA,87.7,82.2,50.7,48.1,NDA,90,NDA,45,NDA,NDA,NDA,NDA,NDA,NDA,NDA,NDA,NDA,NDA,NDA
610067,51.4,34.2,16,13,33.2,47.6,23.4,21.6,59.1,47.5,5.1,13.9,NDA,NDA,NDA,NDA,NDA,NDA,NDA,NDA,NDA
610068,48.5,42.6,31,20.6,45.9,51.5,42,29.2,50.7,41.2,12.4,22.1,14,88.2,NDA,NDA,NDA,NDA,NDA,NDA,NDA
610070,69.7,41.9,36.7,39.7,47.4,51.7,30.4,42,34.1,43.4,10.2,37.3,NDA,NDA,NDA,NDA,NDA,NDA,NDA,NDA,NDA
610072,71.2,39.6,28.3,26.2,56.3,64.6,19.2,30.9,53.1,55.8,8.3,21.7,NDA,NDA,NDA,NDA,NDA,NDA,NDA,NDA,NDA
610073,46.7,41.9,53.1,43.9,72.4,75.5,35.5,51.3,55.3,55.3,21.1,26.3,NDA,NDA,NDA,NDA,NDA,NDA,NDA,NDA,NDA
610074,66.5,25.8,37.9,27,46.5,55.1,31.6,32.2,50.3,45.3,12.5,24,NDA,NDA,NDA,NDA,NDA,NDA,NDA,NDA,NDA
610075,NDA,NDA,NDA,NDA,NDA,NDA,0,2.9,35.5,32.3,0,0,NDA,NDA,NDA,NDA,NDA,NDA,NDA,NDA,NDA
610076,52.7,52.4,43,26.5,60.8,61.6,60.6,30.5,70.8,61.3,10.9,12.7,NDA,NDA,NDA,NDA,NDA,NDA,NDA,NDA,NDA
610077,64.6,46.3,20,15.3,46.6,42.6,30.9,22.9,54.5,50.3,12.1,26.2,38.9,50,NDA,NDA,NDA,NDA,NDA,NDA,NDA
610078,68.2,31.2,46.6,38.7,51.3,49.5,52.3,50,54.8,54.1,34.5,29.6,32.1,83.3,NDA,NDA,NDA,NDA,NDA,NDA,NDA
610081,85.5,NDA,62.7,74,72.3,77.4,59.4,62.4,67.8,61.3,35.9,42.2,50,65.6,NDA,NDA,NDA,NDA,NDA,NDA,NDA
610082,85.8,NDA,64.6,71.2,66.9,63.1,72,71.6,63.1,51.6,41.3,65.3,NDA,NDA,NDA,NDA,NDA,NDA,NDA,NDA,NDA
610083,NDA,NDA,NDA,NDA,NDA,NDA,NDA,NDA,NDA,NDA,NDA,NDA,NDA,NDA,NDA,NDA,NDA,NDA,NDA,NDA,NDA
610084,100,NDA,100,100,63.4,74.7,96.5,97.7,61.2,76.7,89.3,100,51.5,70.6,NDA,NDA,NDA,NDA,NDA,NDA,NDA
610085,NDA,NDA,0,0,41.2,21.7,0,3.8,39.6,31.3,0,0,NDA,NDA,NDA,NDA,NDA,NDA,NDA,NDA,NDA
610086,41.2,36.5,18.8,17.1,37.5,52.5,29.3,40.5,74.5,75,0,4.3,NDA,NDA,NDA,NDA,NDA,NDA,NDA,NDA,NDA
610087,NDA,NDA,NDA,NDA,NDA,NDA,NDA,NDA,NDA,NDA,NDA,NDA,NDA,NDA,NDA,NDA,NDA,NDA,NDA,NDA,NDA
610088,39.8,10.1,28.7,34.2,51.1,48.2,46.7,32.6,74.7,64,NDA,NDA,NDA,NDA,NDA,NDA,NDA,NDA,NDA,NDA,NDA
610089,61.3,NDA,43.4,30.5,40.6,45.9,64.3,44.8,46.7,40.7,NDA,NDA,NDA,NDA,NDA,NDA,NDA,NDA,NDA,NDA,NDA
610090,70.2,NDA,66.9,67.4,55.1,61.8,43.6,58,53,42,NDA,NDA,NDA,NDA,NDA,NDA,NDA,NDA,NDA,NDA,NDA
610091,62.7,32,28,33.7,57.1,47.4,37.9,33,62.4,66.7,4,32,NDA,NDA,NDA,NDA,NDA,NDA,NDA,NDA,NDA
610092,48.6,46.4,22.4,18.9,60.4,59.1,27.1,19.5,74.6,60.7,5.1,7.5,NDA,NDA,NDA,NDA,NDA,NDA,NDA,NDA,NDA
610093,NDA,47.4,25,32.3,51.7,60.4,38.1,41.7,62.7,69.9,3.4,13.8,NDA,NDA,NDA,NDA,NDA,NDA,NDA,NDA,NDA
610094,85.4,52.2,67.6,71.2,61.6,61.4,56.8,66.7,45.1,51,29.6,29.6,53.6,33.3,NDA,NDA,NDA,NDA,NDA,NDA,NDA
610095,NDA,NDA,70.2,61.5,57.5,66.9,68,65.5,61.1,59.3,40.3,43.5,NDA,NDA,NDA,NDA,NDA,NDA,NDA,NDA,NDA
610096,57.1,35.1,38.7,25.6,48.7,61.6,32.4,29.1,47.7,54.1,10.7,17.4,23.3,32.1,NDA,NDA,NDA,NDA,NDA,NDA,NDA
610097,66.9,25,31.8,27.8,52.4,57.3,35.5,20.7,57,50,NDA,NDA,NDA,NDA,NDA,NDA,NDA,NDA,NDA,NDA,NDA
610098,55.4,33.2,26.7,23.2,47.3,50,39.2,28.1,59.5,51,15.2,16.7,23.4,44.4,NDA,NDA,NDA,NDA,NDA,NDA,NDA
610099,75.2,57.8,69.3,65.8,56.3,52.7,90.3,77.7,57.3,61.2,64.1,69.2,94.7,69.4,NDA,NDA,NDA,NDA,NDA,NDA,NDA
610100,60.7,44.4,22,17.6,39.2,37.3,29,26.4,61.2,51.2,9.2,15.4,NDA,NDA,NDA,NDA,NDA,NDA,NDA,NDA,NDA
610101,40,NDA,67.3,61.3,57.8,66.8,NDA,NDA,NDA,NDA,NDA,NDA,NDA,NDA,NDA,NDA,NDA,NDA,NDA,NDA,NDA
610102,NDA,NDA,26.9,18.8,46.4,48.2,32.5,30.7,58.1,56.7,14.3,22.9,NDA,NDA,NDA,NDA,NDA,NDA,NDA,NDA,NDA
610103,52,54,13.8,16.4,42.8,29.1,17.9,28.6,43.3,60,1.7,19,17.9,NDA,NDA,NDA,NDA,NDA,NDA,NDA,NDA
610104,76.8,56.2,62.7,61.2,40.8,53.9,60.2,63.8,49.7,44.8,44,54,NDA,NDA,NDA,NDA,NDA,NDA,NDA,NDA,NDA
610105,84.4,NDA,86,78.1,59.6,77.5,91.4,85.1,81.1,67,69.6,72.9,87.1,53.3,NDA,NDA,NDA,NDA,NDA,NDA,NDA
610106,29.2,19.6,9.7,15.2,40.9,43,20.6,16.5,51.3,48.1,6.8,5.1,NDA,NDA,NDA,NDA,NDA,NDA,NDA,NDA,NDA
610107,50.9,47.1,35.9,46.6,53.4,63.1,51.4,55,61.3,57.7,25.8,19.4,NDA,NDA,NDA,NDA,NDA,NDA,NDA,NDA,NDA
610108,63.5,NDA,21.2,17.1,39.4,49.6,26,21.1,55.1,50.3,2.9,13.4,NDA,NDA,NDA,NDA,NDA,NDA,NDA,NDA,NDA
610109,88.2,77.6,69.5,73.2,72,70.7,67.5,61.3,62.5,53.8,19.2,30.8,44.4,54.5,NDA,NDA,NDA,NDA,NDA,NDA,NDA
610110,80.9,NDA,24.7,26.3,41.3,60.5,49.3,42.3,58.8,57.4,8.3,37.5,NDA,NDA,NDA,NDA,NDA,NDA,NDA,NDA,NDA
610111,72.2,42.4,47.7,38,58.9,58.5,48.9,45.3,52.5,57.3,24.8,37.6,26.5,74.2,NDA,NDA,NDA,NDA,NDA,NDA,NDA
610112,NDA,30.9,25.6,14.2,39.6,55.7,25.3,27.3,60,60,7.7,14.1,10.6,NDA,NDA,NDA,NDA,NDA,NDA,NDA,NDA
610114,62.2,35.9,15.1,5.9,48.8,34.1,14.8,15.8,39.3,43.4,6.3,12.5,NDA,NDA,NDA,NDA,NDA,NDA,NDA,NDA,NDA
610115,NDA,NDA,17.6,16,43.3,45.3,28.9,26.5,75,66.2,3.6,3.6,NDA,NDA,NDA,NDA,NDA,NDA,NDA,NDA,NDA
610116,57.3,33.6,17.3,7.8,45.2,44,19,22.6,41.7,53.3,9.5,4.8,NDA,NDA,11.5,NDA,NDA,NDA,NDA,NDA,NDA
610117,45,19.2,39.1,43.4,53.6,57.4,39.8,50.8,46,51.5,17,28.1,NDA,NDA,NDA,NDA,NDA,NDA,NDA,NDA,NDA
610119,66.2,NDA,18.4,10.5,32.4,43.5,45,30.4,56.4,46.7,14.3,28.6,NDA,NDA,NDA,NDA,NDA,NDA,NDA,NDA,NDA
610120,74.4,59,50.8,31.3,53.3,69.5,44,40.2,71.4,64.1,24.1,38.6,17.8,87.5,NDA,NDA,NDA,NDA,NDA,NDA,NDA
610121,71.8,64.1,36.8,34,45.5,52.2,57.1,46.8,68.8,64.2,17,27.7,NDA,NDA,NDA,NDA,NDA,NDA,NDA,NDA,NDA
610122,57.2,58.2,56.4,47.2,52.4,63.3,52.8,49.1,49.1,57.3,25.9,35.2,100,5.7,NDA,NDA,NDA,NDA,NDA,NDA,NDA
610123,42.7,NDA,22.4,17.6,53,51.5,16.5,15.7,42.5,51.3,8.7,17.4,NDA,NDA,NDA,NDA,NDA,NDA,NDA,NDA,NDA
610124,67.6,55.6,27.8,39,53.2,53.6,32.5,37.6,45,46.6,9.5,28.6,NDA,NDA,NDA,NDA,NDA,NDA,NDA,NDA,NDA
610125,55.8,40.7,19.4,26.4,44,41.9,38.9,33.6,57.5,48.5,10.7,27.2,28.8,16.7,NDA,NDA,NDA,NDA,NDA,NDA,NDA
610126,NDA,92.3,56.3,56.3,77.1,80.9,NDA,NDA,NDA,NDA,NDA,NDA,NDA,NDA,NDA,NDA,NDA,NDA,NDA,NDA,NDA
610127,72.7,37.7,53.1,47.1,51.6,52.1,59.7,52.2,49.2,51.9,34,44.7,33.3,83.3,NDA,NDA,NDA,NDA,NDA,NDA,NDA
610128,69.3,62.7,40.4,47.4,60.2,59.8,55.4,52.9,73.1,63.9,10.3,48.7,30.8,69.2,NDA,NDA,NDA,NDA,NDA,NDA,NDA
610129,76.4,NDA,48.9,25.6,55,78.6,42.5,30.2,70,69.8,6.6,8.2,NDA,NDA,NDA,NDA,NDA,NDA,NDA,NDA,NDA
610130,74.5,49.6,31.1,37.3,55.8,49.7,44.2,50,71.8,73.7,NDA,NDA,NDA,NDA,NDA,NDA,NDA,NDA,NDA,NDA,NDA
610131,61.9,14.3,27.3,37.9,35,54.8,43.5,25,74.4,40,16.7,25,NDA,NDA,NDA,NDA,NDA,NDA,NDA,NDA,NDA
610132,100,78.3,94,91.6,51.8,65.5,78.6,92.9,53.6,60.7,NDA,NDA,NDA,NDA,NDA,NDA,NDA,NDA,NDA,NDA,NDA
610133,72.6,54,35.2,13,43.5,60.7,41.7,27.5,44,50.4,14.3,47.1,NDA,NDA,NDA,NDA,NDA,NDA,NDA,NDA,NDA
610134,50,NDA,19.3,17.6,40,60.9,33.3,21.9,64.8,70.2,0,10.5,NDA,NDA,NDA,NDA,NDA,NDA,NDA,NDA,NDA
610135,67.3,33.8,53.7,41.6,45.9,61.1,62.8,55.3,51.2,44.1,27.1,37.4,22,66.7,NDA,NDA,NDA,NDA,NDA,NDA,NDA
610136,NDA,NDA,24.4,31.7,63.2,46.3,42.6,43.5,61.7,65.9,NDA,NDA,NDA,NDA,NDA,NDA,NDA,NDA,NDA,NDA,NDA
610137,84.6,NDA,55.4,54,48.3,58.2,56,57.4,52.3,46.3,47.2,75.5,NDA,NDA,NDA,NDA,NDA,NDA,NDA,NDA,NDA
610138,75.2,48.5,38.3,38.5,54.5,58.3,56.7,46,71.1,56.7,33.3,44,37.3,53.3,NDA,NDA,NDA,NDA,NDA,NDA,NDA
610139,63.8,49.4,32.2,41.7,69.5,67.2,39.7,32.9,67.2,54.3,4,16,NDA,NDA,NDA,NDA,NDA,NDA,NDA,NDA,NDA
610141,78.7,NDA,46.9,45.9,62.2,74.5,39.8,51.9,67.6,59.4,4.3,34.8,NDA,NDA,NDA,NDA,NDA,NDA,NDA,NDA,NDA
610142,75.1,46.4,51.5,51.5,53.6,44.3,48.4,63.1,50,50.8,NDA,NDA,NDA,NDA,NDA,NDA,NDA,NDA,NDA,NDA,NDA
610143,47.2,NDA,31,29.5,43.5,51.9,19.1,23.4,38.5,48.4,3.2,16.1,NDA,NDA,NDA,NDA,NDA,NDA,NDA,NDA,NDA
610144,77.8,40.1,39.5,27,63.2,62.7,48.7,33.2,62.7,59.2,11.6,30.3,22.5,69,NDA,NDA,NDA,NDA,NDA,NDA,NDA
610145,70.9,46.3,50.6,39.6,51.3,66,45,39.1,56.3,49.6,19.8,25.7,25,80.8,NDA,NDA,NDA,NDA,NDA,NDA,NDA
610146,46.5,38.4,10.7,16.4,55,49.1,15.7,25.7,50.6,61.1,6.7,16.7,NDA,NDA,NDA,NDA,NDA,NDA,NDA,NDA,NDA
610147,77.3,50.9,49.8,47.2,60.9,61.9,73,52.7,75.1,53.6,37.3,52.5,NDA,NDA,NDA,NDA,NDA,NDA,NDA,NDA,NDA
610148,59.6,37.8,37.7,16.5,49.8,74.2,62.7,28,80.7,63.3,9.2,10.8,44.6,18.5,NDA,NDA,NDA,NDA,NDA,NDA,NDA
610150,25.3,31,10.3,8.2,31.5,22.8,24.4,20.2,56.3,38.1,0,5.3,NDA,NDA,NDA,NDA,NDA,NDA,NDA,NDA,NDA
610152,NDA,49.3,23.6,21.9,55,57.6,26.8,24.4,51.3,56.5,8.8,26.5,NDA,NDA,NDA,NDA,NDA,NDA,NDA,NDA,NDA
610153,73.6,56.9,21.6,6.8,32.7,37.5,37.7,17.7,44.6,37,20.5,33.3,27.5,NDA,NDA,NDA,NDA,NDA,NDA,NDA,NDA
610154,63.6,48.6,33.3,19.2,48.9,72.9,59.2,26.4,93.3,67.5,13.6,11.4,NDA,NDA,NDA,NDA,NDA,NDA,NDA,NDA,NDA
610155,85.6,50.4,68.5,75.7,66.9,70.2,81.4,80.1,58.7,57.8,57.1,69.6,35.7,78.9,NDA,NDA,NDA,NDA,NDA,NDA,NDA
610156,NDA,NDA,20,16.5,36.4,31.6,41.4,34.5,57.1,60.7,NDA,NDA,NDA,NDA,NDA,NDA,NDA,NDA,NDA,NDA,NDA
610157,67.8,NDA,37,34.9,58.5,65.8,36.8,44.2,57.5,54.1,19.1,27,17.6,82.1,NDA,NDA,NDA,NDA,NDA,NDA,NDA
610158,69.1,NDA,37.6,42.5,44.8,37.1,41.7,48.1,47.6,42.8,20,38.3,NDA,NDA,NDA,NDA,NDA,NDA,NDA,NDA,NDA
610159,69.6,39.3,32.4,27.7,50.9,52.2,39.1,33,61.5,60.5,14.7,33.7,19.4,100,NDA,NDA,NDA,NDA,NDA,NDA,NDA
610160,24.8,NDA,13.8,16.3,35.8,36.8,25.6,22.5,70,67.2,7.4,25.9,NDA,NDA,NDA,NDA,NDA,NDA,NDA,NDA,NDA
610161,36.4,26.9,25.7,20.8,64.3,64.8,28.7,22.1,54.3,51.9,0,18.8,NDA,NDA,NDA,NDA,NDA,NDA,NDA,NDA,NDA
610163,NDA,NDA,NDA,NDA,NDA,NDA,NDA,NDA,NDA,NDA,NDA,NDA,NDA,NDA,NDA,NDA,NDA,NDA,NDA,NDA,NDA
610165,73.2,35.9,37.4,27.3,49.5,56.4,NDA,NDA,NDA,NDA,NDA,NDA,NDA,NDA,NDA,NDA,NDA,NDA,NDA,NDA,NDA
610167,58.6,NDA,25.2,28.2,49.1,58.8,45.3,33.9,57.8,51.3,12.5,25,43.3,46.4,NDA,NDA,NDA,NDA,NDA,NDA,NDA
610169,48.8,NDA,12.7,13.5,56.6,51.9,26.4,33.6,53.1,66.7,3.7,11.1,NDA,NDA,NDA,NDA,NDA,NDA,NDA,NDA,NDA
610170,67.6,30.5,27.4,32.5,44.4,48.7,41.6,49.3,52.8,59.6,17.7,27.8,NDA,NDA,NDA,NDA,NDA,NDA,NDA,NDA,NDA
610171,44,27.5,21.9,15.2,45.4,45.7,23,19.4,46.9,51,6.4,18.2,9.8,NDA,NDA,NDA,NDA,NDA,NDA,NDA,NDA
610172,NDA,NDA,21.8,26.8,41.1,42,30.1,19.7,46.3,35.2,7.5,15.1,NDA,NDA,NDA,NDA,NDA,NDA,NDA,NDA,NDA
610173,50.9,41.5,17.6,17.1,51.5,47.5,55.2,40,79.6,65.2,NDA,NDA,43.1,71.4,NDA,NDA,NDA,NDA,NDA,NDA,NDA
610174,54.3,NDA,37.2,35.1,59.8,70.8,41.9,44.9,63.2,66.8,23.3,25.6,NDA,NDA,NDA,NDA,NDA,NDA,NDA,NDA,NDA
610175,65,12,32.5,28.4,54.4,61.3,56.4,43.6,83.3,66.7,NDA,NDA,NDA,NDA,NDA,NDA,NDA,NDA,NDA,NDA,NDA
610176,75.9,67.7,34.5,27.9,50,52.2,44.2,34.2,50.6,48.3,13.8,13.6,4.5,NDA,NDA,NDA,NDA,NDA,NDA,NDA,NDA
610177,NDA,NDA,92.5,96.8,61.5,59.1,89.4,97.8,56.5,56.8,81.6,91.8,NDA,NDA,NDA,NDA,NDA,NDA,NDA,NDA,NDA
610178,62.8,45.2,35.8,22.6,51.9,58.5,47.1,43.1,56.3,54.2,13.3,20,43.8,NDA,NDA,NDA,NDA,NDA,NDA,NDA,NDA
610179,72.6,NDA,53.9,58.4,61.1,65.7,59.2,60.2,64.7,51.5,27,49.5,NDA,NDA,NDA,NDA,NDA,NDA,NDA,NDA,NDA
610180,67.8,NDA,17.6,10.6,38.1,46,24.8,12.3,54.2,38.8,1.4,1.4,NDA,NDA,NDA,NDA,NDA,NDA,NDA,NDA,NDA
610182,71.2,51.1,74.4,63.6,59.1,70,73.9,72.8,75,67.4,45.5,63.6,45.5,93.3,NDA,NDA,NDA,NDA,NDA,NDA,NDA
610183,55.3,44.9,26.1,21.5,56,50,36,29.4,56.6,61.4,9.4,21.9,NDA,NDA,NDA,NDA,NDA,NDA,NDA,NDA,NDA
610184,44.4,12.8,NDA,NDA,NDA,NDA,NDA,NDA,NDA,NDA,18.7,13.3,NDA,NDA,NDA,NDA,NDA,NDA,NDA,NDA,NDA
610185,53.7,26.6,38.3,34.7,43.7,57.3,48.8,39.2,46.8,44,7.5,21.9,NDA,NDA,NDA,NDA,NDA,NDA,NDA,NDA,NDA
610187,47.4,44.2,23.6,25.8,66.3,52.9,31.7,46,59.3,55.9,9.1,40.9,30.4,NDA,NDA,NDA,NDA,NDA,NDA,NDA,NDA
610188,53.6,38.8,36.3,31.4,55.8,71.1,39.4,37.7,57,49.5,9.6,25,NDA,NDA,NDA,NDA,NDA,NDA,NDA,NDA,NDA
610189,53.2,47.2,35.3,28.2,41.2,50,54.7,56.4,51.1,50.5,21.1,44.7,30.8,75,NDA,NDA,NDA,NDA,NDA,NDA,NDA
610191,83.2,46.2,62.8,67.5,59.9,56.7,62,68.8,59.9,59.4,40,47.3,57.1,56.3,NDA,NDA,NDA,NDA,NDA,NDA,NDA
610192,39.9,32.2,11.1,12,36.9,48.6,16.7,18,49.4,48.6,2.1,9.5,19.1,11.1,NDA,NDA,NDA,NDA,NDA,NDA,NDA
610193,34.1,17.1,17.8,14.1,42.9,51.5,10.2,21,56.6,52.5,0,6.7,NDA,NDA,NDA,NDA,NDA,NDA,NDA,NDA,NDA
610194,49,NDA,28.4,33.1,50,54.7,31.9,36.3,59.3,47.4,15.6,11.1,48.9,23.8,NDA,NDA,NDA,NDA,NDA,NDA,NDA
610195,87.7,NDA,56.6,72.8,66.5,67.6,66.9,84.7,70.2,68.1,29.3,60.9,NDA,NDA,NDA,NDA,NDA,NDA,NDA,NDA,NDA
610196,69.2,50.4,49.4,33.9,55.5,63.3,52.9,36.3,58.2,51.2,23.9,23.9,NDA,NDA,NDA,NDA,NDA,NDA,NDA,NDA,NDA
610197,68.2,NDA,43.2,27,49.6,55,70.3,53.5,68.6,62.7,17,34,37.3,57.9,NDA,NDA,NDA,NDA,NDA,NDA,NDA
610198,48.9,34.4,28.5,22.3,44.4,44.9,39.7,33.5,56.6,48.9,15.7,18.6,NDA,NDA,NDA,NDA,NDA,NDA,NDA,NDA,NDA
610199,75.3,53.4,24.4,22.1,47.6,46.9,47.2,44.4,37.7,50.7,12.5,16.7,NDA,NDA,NDA,NDA,NDA,NDA,NDA,NDA,NDA
610200,51,24.3,9.1,10.4,33.6,31,27.3,30.5,52.9,43.8,3.6,20,14,NDA,NDA,NDA,NDA,NDA,NDA,NDA,NDA
610201,80.6,62.3,62.3,65,56.8,55.9,73.9,66.5,64.8,61.5,46.8,58.5,33.7,100,NDA,NDA,NDA,NDA,NDA,NDA,NDA
610202,51.1,39.6,22.5,10.8,29,36.8,29.1,12,46.2,21.4,14.3,8.8,NDA,NDA,NDA,NDA,NDA,NDA,NDA,NDA,NDA
610203,73.4,35.7,37.9,24.8,47.9,59.5,NDA,NDA,NDA,NDA,NDA,NDA,NDA,NDA,NDA,NDA,NDA,NDA,NDA,NDA,NDA
610205,55.1,25.7,21.6,29,37.5,38,39,42.2,30.4,31.8,21.1,36.8,NDA,NDA,NDA,NDA,NDA,NDA,NDA,NDA,NDA
610206,84.6,61.1,44.4,48.5,53.2,63.3,49.1,58.1,62.2,55.8,32.1,43.8,NDA,NDA,NDA,NDA,NDA,NDA,NDA,NDA,NDA
610207,81.6,69.8,51.7,47.7,53.5,59.8,42.7,54.5,35.7,55.9,11.1,38.9,NDA,NDA,NDA,NDA,NDA,NDA,NDA,NDA,NDA
610208,49.6,33.3,5.7,15.6,35.7,39.8,24.3,30.1,65.6,68.9,4.3,17,NDA,NDA,NDA,NDA,NDA,NDA,NDA,NDA,NDA
610209,63.9,43.2,51.3,32.9,50.7,70,52.5,31.3,59.8,57.6,16.5,24.7,31.6,65.2,NDA,NDA,NDA,NDA,NDA,NDA,NDA
610210,NDA,32.6,23.6,24,56.3,54,31.8,19.7,60.7,39.7,9.1,20.5,14.6,NDA,NDA,NDA,NDA,NDA,NDA,NDA,NDA
610212,NDA,NDA,NDA,NDA,NDA,NDA,60.7,39.8,53.7,59.8,17.5,20.8,29.2,50,NDA,NDA,NDA,NDA,NDA,NDA,NDA
610213,78,45.1,13.4,22.3,60.6,35.6,NDA,NDA,NDA,NDA,NDA,NDA,NDA,NDA,NDA,NDA,NDA,NDA,NDA,NDA,NDA
610215,NDA,NDA,NDA,NDA,NDA,NDA,28.5,28.4,34.3,54.5,10.5,25.3,16.5,50,NDA,NDA,NDA,NDA,NDA,NDA,NDA
610216,64.4,NDA,37.6,37,49.6,61.5,47.1,44.5,60.4,63.9,12.1,24.2,40,42.9,NDA,NDA,NDA,NDA,NDA,NDA,NDA
610217,74.8,63.8,71.6,57,68.1,80.6,77.8,53.3,79.3,51.9,44.2,34.6,43.6,50,NDA,NDA,NDA,NDA,NDA,NDA,NDA
610218,38.6,20,26.1,21.5,55.3,46.4,33.3,27,45.6,35,8.6,25.7,NDA,NDA,NDA,NDA,NDA,NDA,NDA,NDA,NDA
610219,69.3,56.4,53.8,59.6,70,76.7,54.2,58.1,69.6,68.3,23,37.5,36.8,25,NDA,NDA,NDA,NDA,NDA,NDA,NDA
610220,70.4,31.2,51.1,59,42,44.2,49.6,54.7,61.6,50.8,22.7,61.4,NDA,NDA,NDA,NDA,NDA,NDA,NDA,NDA,NDA
610221,81.6,45.9,37,37,56.6,63.3,44.2,26.9,57.8,58.8,2.6,37.5,NDA,NDA,NDA,NDA,NDA,NDA,NDA,NDA,NDA
610223,NDA,24.7,17.9,14.2,48.5,51,40.2,18.8,74.4,38.8,10.5,10.5,NDA,NDA,NDA,NDA,NDA,NDA,NDA,NDA,NDA
610224,31,28.8,12.6,15.5,45.9,43.5,25.7,22.5,32,38.8,9.7,22.6,NDA,NDA,NDA,NDA,NDA,NDA,NDA,NDA,NDA
610225,74.7,60.2,34,27.4,49,61.2,31.5,28,50.4,51.2,6,8.2,NDA,NDA,NDA,NDA,NDA,NDA,NDA,NDA,NDA
610226,77.3,47.9,44.1,23,53,61.5,NDA,NDA,NDA,NDA,NDA,NDA,NDA,NDA,NDA,NDA,NDA,NDA,NDA,NDA,NDA
610227,68.7,26.5,30.3,26.1,54.5,60.8,41.5,29.2,55.3,54.3,6.8,12.6,9.5,NDA,NDA,NDA,NDA,NDA,NDA,NDA,NDA
610228,50.4,NDA,13.3,17.3,35.9,36.2,22.3,21.5,50,45.8,6.4,25.5,NDA,NDA,NDA,NDA,NDA,NDA,NDA,NDA,NDA
610229,56.8,11.8,58.2,58.5,55,55.6,62.9,54.9,57.6,55.1,38.7,50,NDA,NDA,NDA,NDA,NDA,NDA,NDA,NDA,NDA
610230,88.8,NDA,71.5,67.2,47.4,59.9,79.5,79.5,82,63.9,50.9,68.4,22.8,84.6,NDA,NDA,NDA,NDA,NDA,NDA,NDA
610231,56.8,36.7,45.6,48.5,62.5,70.4,25.6,42.9,57.8,61.5,10,10,NDA,NDA,NDA,NDA,NDA,NDA,NDA,NDA,NDA
610232,45.3,31.1,22.3,25.9,48.1,58.1,NDA,NDA,NDA,NDA,NDA,NDA,NDA,NDA,NDA,NDA,NDA,NDA,NDA,NDA,NDA
610233,16.4,6.9,23.3,19.1,39.1,38.2,31.9,15.7,62.5,50,0,12.9,NDA,NDA,NDA,NDA,NDA,NDA,NDA,NDA,NDA
610234,60.4,55.8,41.3,18,42.9,53.5,42.2,20.2,41.3,51.7,21.8,9.1,28.6,77.8,NDA,NDA,NDA,NDA,NDA,NDA,NDA
610235,55.4,29.6,21.3,24.9,44.4,44.3,32.9,28.2,61.5,54.9,11.5,16.1,NDA,NDA,NDA,NDA,NDA,NDA,NDA,NDA,NDA
610237,58.3,72.6,18.7,18.2,43.1,44.2,33.8,12.5,54.5,39.2,NDA,NDA,39.1,70.6,NDA,NDA,NDA,NDA,NDA,NDA,NDA
610238,NDA,56.5,34,16.1,41.7,48.3,41.3,23.8,65.8,52.8,7.7,11.5,NDA,NDA,NDA,NDA,NDA,NDA,NDA,NDA,NDA
610239,50.8,26.4,36.5,13.3,52.6,63.9,43.4,25.5,70.4,55.6,16.7,5.6,13.2,NDA,NDA,NDA,NDA,NDA,NDA,NDA,NDA
610240,70.1,46.8,19,8.6,48.6,52.1,15.7,17.1,30.3,34.7,3.6,32.1,NDA,NDA,NDA,NDA,NDA,NDA,NDA,NDA,NDA
610241,64.7,65.3,28.8,23.4,51.7,70,37.7,31.5,64.6,65.7,0,21.1,NDA,NDA,NDA,NDA,NDA,NDA,NDA,NDA,NDA
610242,79.8,47.2,32.4,30.8,50.5,65.7,48.8,30,66.2,50,8.3,25,NDA,NDA,NDA,NDA,NDA,NDA,NDA,NDA,NDA
610243,71.3,48.8,37.4,28.3,52.2,61.5,50.5,37.9,62.5,69.3,12.5,25,NDA,NDA,NDA,NDA,NDA,NDA,NDA,NDA,NDA
610244,NDA,NDA,NDA,NDA,NDA,NDA,19.4,22.8,36.5,52.7,3.6,10.7,NDA,NDA,14,13.3,14.4,14.5,0.5,15.7,1.3
610245,NDA,NDA,NDA,NDA,NDA,NDA,NDA,NDA,NDA,NDA,NDA,NDA,NDA,NDA,13,12.3,13.8,13.5,0.5,14.8,1
610246,74,54.1,39.8,38.7,43.6,47.5,53.8,55.4,57.3,54.2,27,43,38.6,76.8,NDA,NDA,NDA,NDA,NDA,NDA,NDA
610248,NDA,NDA,66.3,62.6,66.7,68.8,62.9,64.9,57.5,62.4,26.7,46.7,50,53.8,NDA,NDA,NDA,NDA,NDA,NDA,NDA
610249,50.6,NDA,54.7,22.6,71.6,75,56,42.2,76.7,62.8,11.1,25.9,NDA,NDA,NDA,NDA,NDA,NDA,NDA,NDA,NDA
610250,68.3,33.1,61.7,50.8,53.3,75.7,43.6,60.2,54.3,65.6,22.6,64.5,NDA,NDA,NDA,NDA,NDA,NDA,NDA,NDA,NDA
610251,62.7,44,42.9,27.1,54.3,72.5,36.1,21.3,45.5,38.2,0,5.3,NDA,NDA,NDA,NDA,NDA,NDA,NDA,NDA,NDA
610252,84.3,58.8,29.4,16.2,37.9,55.4,31.4,26.7,56.3,29.6,8,12,NDA,NDA,NDA,NDA,NDA,NDA,NDA,NDA,NDA
610253,38.5,NDA,19.5,13.2,45.5,34.1,18.4,34.7,35,61.1,7.7,3.8,NDA,NDA,NDA,NDA,NDA,NDA,NDA,NDA,NDA
610254,49,42.3,20.5,22.4,45.8,43.1,25.1,26.3,38.9,53.6,3.6,30.4,20.3,16.7,NDA,NDA,NDA,NDA,NDA,NDA,NDA
610256,52,30.6,10.6,21.3,39.1,26.1,NDA,NDA,NDA,NDA,NDA,NDA,NDA,NDA,NDA,NDA,NDA,NDA,NDA,NDA,NDA
610257,NDA,NDA,43.2,36.8,57.9,62.2,38.6,36,65.3,49,7.1,7.1,NDA,NDA,NDA,NDA,NDA,NDA,NDA,NDA,NDA
610258,NDA,NDA,10,13.5,46.9,41.7,7.8,27.3,44.6,50.7,0,6.9,NDA,NDA,NDA,NDA,NDA,NDA,NDA,NDA,NDA
610263,91.7,NDA,16.9,19.9,42.3,47.4,15.5,13.1,61.9,48.8,2.5,5.1,NDA,NDA,NDA,NDA,NDA,NDA,NDA,NDA,NDA
610264,NDA,NDA,43.2,34.1,65.9,65.9,66,20,93.6,75.6,0,5.3,NDA,NDA,NDA,NDA,NDA,NDA,NDA,NDA,NDA
610265,NDA,31.1,10.9,11.8,40,34.4,34.4,31.1,55.7,60.5,25.9,30.8,NDA,NDA,NDA,NDA,NDA,NDA,NDA,NDA,NDA
610266,63.6,12,22,18.8,61.6,63.7,20,22.4,61,53.7,15.9,40.9,NDA,NDA,NDA,NDA,NDA,NDA,NDA,NDA,NDA
610268,30.1,25.5,20.3,14.3,47.4,54.8,43.4,23.6,61,58.7,7.9,15.8,NDA,NDA,NDA,NDA,NDA,NDA,NDA,NDA,NDA
610269,62.4,66.3,31.3,30.3,46.7,48.3,34.1,40.5,48.1,58.4,9.1,13.6,NDA,NDA,NDA,NDA,NDA,NDA,NDA,NDA,NDA
610271,81.3,75.5,61.4,37.3,58.9,78.6,48.8,37.3,63.4,63.2,11.6,23.3,NDA,NDA,NDA,NDA,NDA,NDA,NDA,NDA,NDA
610273,42.3,40.9,19.1,19.1,50,64.3,27.5,17,44.2,58.7,0,0,93.8,NDA,NDA,NDA,NDA,NDA,NDA,NDA,NDA
610274,64.3,NDA,21.3,19.8,54.3,48.8,17.3,28,59.3,50,3.8,30.8,NDA,NDA,NDA,NDA,NDA,NDA,NDA,NDA,NDA
610276,49.3,36.8,27.4,19.8,48.2,41.9,34.4,26.4,57.9,41.9,11.1,25.9,20.7,NDA,NDA,NDA,NDA,NDA,NDA,NDA,NDA
610277,52,54.8,19.6,16.2,41.1,40,20.4,25,45.1,46.2,0,8.3,NDA,NDA,NDA,NDA,NDA,NDA,NDA,NDA,NDA
610279,61.3,35.3,19.5,13.3,52.6,52.3,22.1,21.1,56.6,57.4,5.3,8.1,NDA,NDA,NDA,NDA,NDA,NDA,NDA,NDA,NDA
610280,NDA,NDA,20,20,80,70,0,4.3,45,59.1,NDA,NDA,NDA,NDA,NDA,NDA,NDA,NDA,NDA,NDA,NDA
610281,62.4,51.7,21.9,15.1,29,42.8,38.5,27.4,44.8,42.7,14.1,34.4,17.2,27.3,NDA,NDA,NDA,NDA,NDA,NDA,NDA
610282,65.4,47.7,36.6,27,47,55.1,36.1,26.8,45.7,54.9,4.5,9.1,NDA,NDA,NDA,NDA,NDA,NDA,NDA,NDA,NDA
610283,NDA,NDA,3.5,9.8,33.3,31.6,16.2,15.3,38.6,40.9,4.5,13.6,NDA,NDA,NDA,NDA,NDA,NDA,NDA,NDA,NDA
610284,74.2,52.7,32.1,25.2,40.4,55.9,NDA,NDA,NDA,NDA,NDA,NDA,NDA,NDA,NDA,NDA,NDA,NDA,NDA,NDA,NDA
610285,NDA,61.7,25.8,11.4,35.1,53.8,24.2,21.6,50.9,46.3,5.4,17.5,NDA,NDA,NDA,NDA,NDA,NDA,NDA,NDA,NDA
610287,70.6,61.7,40.4,33.3,55.5,56.2,45.8,36.8,69.9,45.5,22.4,30.6,40.8,40,NDA,NDA,NDA,NDA,NDA,NDA,NDA
610290,NDA,60.7,45.9,26.8,47.2,60.2,37.2,24.7,60.7,57.8,17.1,31.4,NDA,NDA,NDA,NDA,NDA,NDA,NDA,NDA,NDA
610291,55.7,29.4,46.9,28.5,51.2,60.6,56.3,30.7,60.1,43.7,30.1,22.1,NDA,NDA,NDA,NDA,NDA,NDA,NDA,NDA,NDA
610293,56,NDA,11.1,19.2,43.3,37.1,26.9,29.6,55.8,76.9,6.3,12.5,NDA,NDA,NDA,NDA,NDA,NDA,NDA,NDA,NDA
610295,62,30.4,35.7,25.2,58.3,63.7,43.6,35.3,63.8,57,9.1,20.5,NDA,NDA,NDA,NDA,NDA,NDA,NDA,NDA,NDA
610297,NDA,NDA,NDA,NDA,NDA,NDA,NDA,NDA,NDA,NDA,NDA,NDA,NDA,NDA,11.7,11.7,13.1,13.1,1.4,14.4,1.3
610298,NDA,NDA,93.9,96.9,69.4,46.9,93.5,96.8,57.6,55.9,86.7,93.3,100,70,NDA,NDA,NDA,NDA,NDA,NDA,NDA
610299,NDA,NDA,28.9,15.2,52.6,59.7,31.1,23,40.2,45.2,10,12.5,NDA,NDA,NDA,NDA,NDA,NDA,NDA,NDA,NDA
610300,NDA,14.7,36.4,27.9,50.4,48.5,27.9,31.3,43.5,51.5,6,20,NDA,NDA,NDA,NDA,NDA,NDA,NDA,NDA,NDA
610304,NDA,NDA,NDA,NDA,NDA,NDA,NDA,NDA,NDA,NDA,NDA,NDA,NDA,NDA,14.7,14.9,15.9,15.9,1.2,18.6,2.7
610305,67.8,59.1,30.8,23.1,46.2,61.5,NDA,NDA,NDA,NDA,NDA,NDA,NDA,NDA,NDA,NDA,NDA,NDA,NDA,NDA,NDA
610308,NDA,NDA,NDA,NDA,NDA,NDA,NDA,NDA,NDA,NDA,NDA,NDA,NDA,NDA,NDA,NDA,NDA,NDA,NDA,NDA,NDA
610312,79.3,53.8,39,54.2,50.8,64.4,NDA,NDA,NDA,NDA,NDA,NDA,NDA,NDA,NDA,NDA,NDA,NDA,NDA,NDA,NDA
610313,75,51.4,29.9,32.4,49.2,44.4,45.5,45.1,49.1,51.3,17.5,33.3,49.2,23,NDA,NDA,NDA,NDA,NDA,NDA,NDA
610315,64.9,35.1,16.3,32.6,67.6,47.4,31.6,34.2,57.6,81.8,14.3,28.6,NDA,NDA,NDA,NDA,NDA,NDA,NDA,NDA,NDA
610316,76.7,NDA,58.1,59.1,66.7,58.1,48.8,67.5,51.3,62.5,NDA,NDA,NDA,NDA,NDA,NDA,NDA,NDA,NDA,NDA,NDA
610317,64.5,50,37.7,32.2,51.2,58.8,46.1,39.7,64.7,53.9,6,20.9,NDA,NDA,NDA,NDA,NDA,NDA,NDA,NDA,NDA
610319,NDA,NDA,NDA,NDA,NDA,NDA,37.6,31.6,54.4,57.5,13.3,21.7,37.8,43.2,NDA,NDA,NDA,NDA,NDA,NDA,NDA
610320,32.1,23.3,56.8,32.4,75.8,75.8,34.9,34.1,53.8,52.5,7.1,28.6,NDA,NDA,NDA,NDA,NDA,NDA,NDA,NDA,NDA
610321,NDA,NDA,NDA,NDA,NDA,NDA,44.8,35.7,47.2,50.9,20.5,19.9,NDA,NDA,NDA,NDA,NDA,NDA,NDA,NDA,NDA
610323,NDA,NDA,NDA,NDA,NDA,NDA,NDA,NDA,NDA,NDA,NDA,NDA,NDA,NDA,12.1,12.3,13.9,13.2,1.1,14.7,0.8
610325,NDA,NDA,NDA,NDA,NDA,NDA,39.1,31,56.9,55.1,20,22.6,34.8,37.5,NDA,NDA,NDA,NDA,NDA,NDA,NDA
610329,92.9,78.6,82.8,67,73.9,77,50.1,45,51,52,18.8,33.8,NDA,NDA,NDA,NDA,NDA,NDA,NDA,NDA,NDA
610334,NDA,NDA,NDA,NDA,NDA,NDA,NDA,NDA,NDA,NDA,NDA,NDA,NDA,NDA,12.8,13,14.1,14,1.2,15.2,1.1
610336,NDA,NDA,NDA,NDA,NDA,NDA,16.2,26.1,56.3,50,2.8,11.1,NDA,NDA,NDA,NDA,NDA,NDA,NDA,NDA,NDA
610339,NDA,NDA,35.3,22.4,47.6,58.2,20.1,26.8,49.2,43.9,8,23.5,NDA,NDA,NDA,NDA,NDA,NDA,NDA,NDA,NDA
610340,NDA,NDA,NDA,NDA,NDA,NDA,NDA,NDA,NDA,NDA,NDA,NDA,NDA,NDA,14.6,14.4,16.3,16.1,1.5,18.4,2.1
610342,56.3,NDA,33.5,33.5,49.5,49.5,27.4,39.3,35.5,44.4,25,23.4,NDA,NDA,NDA,NDA,NDA,NDA,NDA,NDA,NDA
610345,65.3,50.8,9.8,6.3,31.7,33.3,9.1,18.2,33.7,40.4,8,16,NDA,NDA,NDA,NDA,NDA,NDA,NDA,NDA,NDA
610347,58.7,60.5,40.9,22.5,52.3,66.9,46,31.7,72.5,61,14.9,14.9,NDA,NDA,NDA,NDA,NDA,NDA,NDA,NDA,NDA
610348,66.7,56,44.7,17.2,56.8,69.3,55.1,23.5,67.7,31.3,NDA,NDA,NDA,NDA,NDA,NDA,NDA,NDA,NDA,NDA,NDA
610350,NDA,NDA,46.1,59.9,61.7,73.1,37.4,58.4,54,55.4,18.5,33.3,20.4,36.4,NDA,NDA,NDA,NDA,NDA,NDA,NDA
610352,75.6,58.1,36.6,32.3,55.8,65.6,53.4,40.4,61.8,61.5,22.4,40.8,NDA,NDA,NDA,NDA,NDA,NDA,NDA,NDA,NDA
610353,47,NDA,44.2,23.9,52.8,64.5,35.8,26.6,49.8,49.3,16.1,21,NDA,NDA,NDA,NDA,NDA,NDA,NDA,NDA,NDA
610354,46.2,55.8,47.9,39.4,56.3,64.1,27.8,35.1,35.7,54.9,22.2,40.7,NDA,NDA,NDA,NDA,NDA,NDA,NDA,NDA,NDA
610355,90.5,92.9,51,38.5,62,59.2,47.7,57.8,45.5,37.8,16.7,55.6,19,NDA,NDA,NDA,NDA,NDA,NDA,NDA,NDA
610357,NDA,NDA,NDA,NDA,NDA,NDA,NDA,NDA,NDA,NDA,NDA,NDA,NDA,NDA,14.3,14.6,15.5,15.9,1.6,16.9,1.4
610362,66.4,46.7,48.3,39.7,59.1,71.9,67.2,43.9,54.1,51.2,17.6,21.6,NDA,NDA,NDA,NDA,NDA,NDA,NDA,NDA,NDA
610363,NDA,53.8,63.9,64.9,54.7,64.1,72.8,69.6,59.9,51,38.7,53.3,20,74.1,NDA,NDA,NDA,NDA,NDA,NDA,NDA
610364,73.2,64.8,17.9,11.8,37.5,44.4,23.2,20.9,64.5,55.7,0,12.5,NDA,NDA,NDA,NDA,NDA,NDA,NDA,NDA,NDA
610365,50,NDA,13.8,13.8,44,49.1,22.1,24.1,57,46,6.7,16.7,NDA,NDA,NDA,NDA,NDA,NDA,NDA,NDA,NDA
610366,64.5,53.9,20.8,31,34.8,40.6,66.7,60,85.7,67.2,7.7,23.1,NDA,NDA,NDA,NDA,NDA,NDA,NDA,NDA,NDA
610367,66.4,62,26.8,18.4,42.9,43.2,35.8,45.9,78.2,76.9,0,9.1,NDA,NDA,NDA,NDA,NDA,NDA,NDA,NDA,NDA
610368,44.7,67,19.3,16.8,46.8,54.5,22.7,18.7,57,43.7,0,9.5,NDA,NDA,NDA,NDA,NDA,NDA,NDA,NDA,NDA
610369,57.8,44.4,14.8,24.4,47.8,44.6,24.4,31.1,54.2,48.1,6.7,6.9,NDA,NDA,NDA,NDA,NDA,NDA,NDA,NDA,NDA
610380,NDA,NDA,NDA,NDA,NDA,NDA,54.5,63.8,55.8,58.5,21.4,33.3,64.1,25,15,15.1,15.8,15.4,0.4,17.5,1.7
610381,NDA,NDA,NDA,NDA,NDA,NDA,NDA,NDA,NDA,NDA,NDA,NDA,NDA,NDA,14.3,13.8,15.3,15.7,1.4,16.3,1
610383,NDA,NDA,NDA,NDA,NDA,NDA,NDA,NDA,NDA,NDA,NDA,NDA,NDA,NDA,13.6,14,14.5,14.4,0.8,15.7,1.2
610384,NDA,NDA,NDA,NDA,NDA,NDA,NDA,NDA,NDA,NDA,NDA,NDA,NDA,NDA,14.1,15,14.8,15.1,1,17.2,2.4
610385,NDA,NDA,NDA,NDA,NDA,NDA,NDA,NDA,NDA,NDA,NDA,NDA,NDA,NDA,13,13,14.4,14.1,1.1,15.6,1.2
610389,NDA,NDA,NDA,NDA,NDA,NDA,NDA,NDA,NDA,NDA,NDA,NDA,NDA,NDA,11.7,12,13.6,13.3,1.6,15.1,1.5
610390,NDA,NDA,NDA,NDA,NDA,NDA,NDA,NDA,NDA,NDA,NDA,NDA,NDA,NDA,15.2,15.4,16.5,15.8,0.6,18.7,2.2
610391,NDA,NDA,NDA,NDA,NDA,NDA,NDA,NDA,NDA,NDA,49.1,70.2,61.1,78.2,18,18.5,19.1,19,1,22.2,3.1
610392,NDA,NDA,NDA,NDA,NDA,NDA,NDA,NDA,NDA,NDA,NDA,NDA,NDA,NDA,12.9,13.4,14.6,14.1,1.2,16.2,1.6
610394,NDA,NDA,NDA,NDA,NDA,NDA,51.2,34.9,70,29.3,14.8,14.8,NDA,NDA,13.6,13.9,14.9,14.7,1.1,16.9,2
610395,NDA,NDA,52.7,45,40.6,60,43.7,54.1,48.7,52.9,15.4,28.8,40.7,50,NDA,NDA,NDA,NDA,NDA,NDA,NDA
610396,NDA,NDA,36.3,34.5,56,53.7,30.6,36.7,53.4,56.1,6.3,10.7,26.1,53.3,NDA,NDA,NDA,NDA,NDA,NDA,NDA
610402,NDA,NDA,NDA,NDA,NDA,NDA,NDA,NDA,NDA,NDA,NDA,NDA,NDA,NDA,NDA,NDA,NDA,NDA,NDA,20.7,NDA
610405,82.2,60.7,61.3,50.9,58,59.5,NDA,NDA,NDA,NDA,NDA,NDA,NDA,NDA,NDA,NDA,NDA,NDA,NDA,NDA,NDA
610499,NDA,NDA,NDA,NDA,NDA,NDA,NDA,NDA,NDA,NDA,NDA,NDA,NDA,NDA,12.5,12.5,14.2,14.1,1.6,15.6,1.4
610501,NDA,NDA,NDA,NDA,NDA,NDA,NDA,NDA,NDA,NDA,NDA,NDA,NDA,NDA,12,12.1,13.6,13.1,1.1,14.8,1.2
610502,NDA,NDA,NDA,NDA,NDA,NDA,NDA,NDA,NDA,NDA,NDA,NDA,NDA,NDA,14,15,15.9,15.3,1.3,17.7,1.8
610503,81.3,68.8,71.6,48.6,64.9,71.6,76.2,61.9,87.3,82.5,5,30,NDA,NDA,NDA,NDA,NDA,NDA,NDA,NDA,NDA
610504,NDA,NDA,NDA,NDA,NDA,NDA,NDA,NDA,NDA,NDA,NDA,NDA,NDA,NDA,NDA,NDA,NDA,NDA,NDA,NDA,NDA
610506,NDA,NDA,NDA,NDA,NDA,NDA,NDA,NDA,NDA,NDA,NDA,NDA,NDA,NDA,12,12.4,14.3,13.3,1.3,15.3,1
610513,NDA,NDA,NDA,NDA,NDA,NDA,NDA,NDA,NDA,NDA,NDA,NDA,NDA,NDA,14.6,14.8,NDA,16,1.4,NDA,NDA
610515,84.6,NDA,76.5,79.4,63.4,63.7,NDA,NDA,NDA,NDA,NDA,NDA,NDA,NDA,NDA,NDA,NDA,NDA,NDA,NDA,NDA
610518,NDA,NDA,NDA,NDA,NDA,NDA,NDA,NDA,NDA,NDA,NDA,NDA,NDA,NDA,12.3,12.5,13.6,13.6,1.3,14.4,0.8
610520,NDA,NDA,61.1,69.9,82.5,80.2,61.1,76.4,70.4,85.5,NDA,NDA,NDA,NDA,NDA,NDA,NDA,NDA,NDA,NDA,NDA
610521,63.9,62.3,24.8,14.1,43.1,52,22.6,17.1,49.1,45.5,4.4,13.3,25.5,NDA,NDA,NDA,NDA,NDA,NDA,NDA,NDA
610523,78.1,NDA,64.2,62.6,54.7,49.1,59.4,61.4,38.8,48.5,40,55,NDA,NDA,NDA,NDA,NDA,NDA,NDA,NDA,NDA
610524,NDA,NDA,NDA,NDA,NDA,NDA,NDA,NDA,NDA,NDA,NDA,NDA,NDA,NDA,14.7,13.7,NDA,16,1.3,NDA,NDA
610529,NDA,NDA,NDA,NDA,NDA,NDA,61.9,71.6,48.1,61.6,47.9,69.2,58.7,29,14.5,14.7,NDA,16,1.5,NDA,NDA
610530,77.2,46.5,29.2,20.8,40,54.5,NDA,NDA,NDA,NDA,NDA,NDA,NDA,NDA,NDA,NDA,NDA,NDA,NDA,NDA,NDA
610532,NDA,NDA,NDA,NDA,NDA,NDA,33.7,28.9,34.2,46.6,12.5,18,18.2,40.4,NDA,NDA,NDA,NDA,NDA,NDA,NDA
610533,48.4,19.5,33.8,19.9,43.1,55,44.2,30,56.9,47.8,12.1,28.9,17.5,52.9,NDA,NDA,NDA,NDA,NDA,NDA,NDA
610534,83.3,83,100,100,74.1,76,NDA,NDA,NDA,NDA,NDA,NDA,NDA,NDA,NDA,NDA,NDA,NDA,NDA,NDA,NDA
610535,NDA,NDA,NDA,NDA,NDA,NDA,NDA,NDA,NDA,NDA,NDA,NDA,NDA,NDA,12.6,13.5,NDA,13.9,1.3,NDA,NDA
610539,47.5,39.9,30.8,27.8,47.8,38.6,41.1,38.5,49.2,55.4,15.3,30.5,NDA,NDA,NDA,NDA,NDA,NDA,NDA,NDA,NDA
610541,63,41.7,39.1,25.6,51.5,63.8,37.8,27.3,72.2,52.3,7.7,25,39.4,42.3,NDA,NDA,NDA,NDA,NDA,NDA,NDA
610542,69,46.8,43.3,32.9,46.3,60.9,44,34.4,48.7,43.2,18.2,26.2,NDA,NDA,NDA,NDA,NDA,NDA,NDA,NDA,NDA
610543,NDA,NDA,NDA,NDA,NDA,NDA,NDA,NDA,NDA,NDA,NDA,NDA,NDA,NDA,NDA,13.9,NDA,NDA,NDA,NDA,NDA
610544,69.5,42.9,28.7,26.1,48.2,32.1,46.9,34.9,55.2,57.4,NDA,NDA,NDA,NDA,NDA,NDA,NDA,NDA,NDA,NDA,NDA
